Epoch: [0][0/10], lr: 0.00200	Loss 2.2754 (2.2754)	Prec@1 30.469 (30.469)	Prec@5 67.969 (67.969)
Epoch [0] Training Results: Prec@1 28.468 Prec@5 89.677             Loss 1.89577
Epoch [0] Training Class Recall: [0.000,0.000,0.465,0.505,0.036,0.007,0.000,0.000]

Epoch: [1][0/10], lr: 0.00400	Loss 1.7138 (1.7138)	Prec@1 29.688 (29.688)	Prec@5 86.719 (86.719)
Epoch [1] Training Results: Prec@1 32.661 Prec@5 90.242             Loss 1.85418
Epoch [1] Training Class Recall: [0.000,0.000,0.638,0.411,0.071,0.058,0.024,0.000]

Epoch: [2][0/10], lr: 0.00600	Loss 2.0243 (2.0243)	Prec@1 23.438 (23.438)	Prec@5 89.844 (89.844)
Epoch [2] Training Results: Prec@1 33.306 Prec@5 93.952             Loss 1.73212
Epoch [2] Training Class Recall: [0.000,0.000,0.446,0.477,0.192,0.122,0.253,0.080]

Epoch: [3][0/10], lr: 0.00800	Loss 2.2172 (2.2172)	Prec@1 30.469 (30.469)	Prec@5 94.531 (94.531)
Epoch [3] Training Results: Prec@1 30.161 Prec@5 87.661             Loss 2.30897
Epoch [3] Training Class Recall: [0.000,0.000,0.430,0.360,0.214,0.151,0.217,0.080]

Epoch: [4][0/10], lr: 0.01000	Loss 2.3592 (2.3592)	Prec@1 28.125 (28.125)	Prec@5 83.594 (83.594)
Epoch [4] Training Results: Prec@1 31.613 Prec@5 90.242             Loss 1.98748
Epoch [4] Training Class Recall: [0.000,0.000,0.433,0.411,0.237,0.101,0.277,0.020]

Epoch: [5][0/10], lr: 0.01000	Loss 1.9585 (1.9585)	Prec@1 35.156 (35.156)	Prec@5 88.281 (88.281)
Epoch [5] Training Results: Prec@1 34.516 Prec@5 94.355             Loss 1.71058
Epoch [5] Training Class Recall: [0.000,0.000,0.596,0.287,0.290,0.122,0.289,0.000]

Epoch: [6][0/10], lr: 0.01000	Loss 1.5710 (1.5710)	Prec@1 39.844 (39.844)	Prec@5 96.094 (96.094)
Epoch [6] Training Results: Prec@1 40.887 Prec@5 96.452             Loss 1.60013
Epoch [6] Training Class Recall: [0.000,0.000,0.753,0.532,0.004,0.007,0.494,0.020]

Epoch: [7][0/10], lr: 0.01000	Loss 1.3754 (1.3754)	Prec@1 45.312 (45.312)	Prec@5 97.656 (97.656)
Epoch [7] Training Results: Prec@1 42.903 Prec@5 95.887             Loss 1.51164
Epoch [7] Training Class Recall: [0.000,0.000,0.656,0.553,0.134,0.072,0.530,0.300]

Epoch: [8][0/10], lr: 0.01000	Loss 1.5396 (1.5396)	Prec@1 47.656 (47.656)	Prec@5 96.875 (96.875)
Epoch [8] Training Results: Prec@1 46.935 Prec@5 96.613             Loss 1.46633
Epoch [8] Training Class Recall: [0.000,0.000,0.654,0.668,0.183,0.058,0.590,0.280]

Epoch: [9][0/10], lr: 0.01000	Loss 1.3414 (1.3414)	Prec@1 50.000 (50.000)	Prec@5 98.438 (98.438)
Epoch [9] Training Results: Prec@1 49.597 Prec@5 97.903             Loss 1.48585
Epoch [9] Training Class Recall: [0.000,0.000,0.732,0.613,0.196,0.201,0.711,0.040]

Epoch: [10][0/10], lr: 0.01000	Loss 1.5369 (1.5369)	Prec@1 52.344 (52.344)	Prec@5 98.438 (98.438)
Epoch [10] Training Results: Prec@1 52.661 Prec@5 97.258             Loss 1.47502
Epoch [10] Training Class Recall: [0.000,0.000,0.764,0.653,0.174,0.245,0.675,0.340]

Epoch: [11][0/10], lr: 0.01000	Loss 1.3246 (1.3246)	Prec@1 50.781 (50.781)	Prec@5 99.219 (99.219)
Epoch [11] Training Results: Prec@1 51.210 Prec@5 97.823             Loss 1.46302
Epoch [11] Training Class Recall: [0.000,0.000,0.730,0.622,0.317,0.122,0.578,0.300]

Epoch: [12][0/10], lr: 0.01000	Loss 1.3408 (1.3408)	Prec@1 57.031 (57.031)	Prec@5 98.438 (98.438)
Epoch [12] Training Results: Prec@1 54.194 Prec@5 98.065             Loss 1.43109
Epoch [12] Training Class Recall: [0.000,0.000,0.685,0.734,0.330,0.173,0.723,0.200]

Epoch: [13][0/10], lr: 0.01000	Loss 1.4221 (1.4221)	Prec@1 58.594 (58.594)	Prec@5 98.438 (98.438)
Epoch [13] Training Results: Prec@1 52.500 Prec@5 97.661             Loss 1.42594
Epoch [13] Training Class Recall: [0.000,0.000,0.672,0.704,0.312,0.165,0.602,0.380]

Epoch: [14][0/10], lr: 0.01000	Loss 1.6091 (1.6091)	Prec@1 50.000 (50.000)	Prec@5 96.875 (96.875)
Epoch [14] Training Results: Prec@1 55.484 Prec@5 98.226             Loss 1.44441
Epoch [14] Training Class Recall: [0.000,0.000,0.785,0.686,0.321,0.158,0.627,0.320]

Epoch: [15][0/10], lr: 0.01000	Loss 1.2805 (1.2805)	Prec@1 60.938 (60.938)	Prec@5 99.219 (99.219)
Epoch [15] Training Results: Prec@1 54.435 Prec@5 97.903             Loss 1.38347
Epoch [15] Training Class Recall: [0.000,0.000,0.711,0.734,0.321,0.115,0.627,0.420]

Epoch: [16][0/10], lr: 0.01000	Loss 1.5223 (1.5223)	Prec@1 54.688 (54.688)	Prec@5 97.656 (97.656)
Epoch [16] Training Results: Prec@1 55.000 Prec@5 98.226             Loss 1.40278
Epoch [16] Training Class Recall: [0.000,0.000,0.782,0.686,0.205,0.252,0.675,0.400]

Epoch: [17][0/10], lr: 0.01000	Loss 1.3301 (1.3301)	Prec@1 48.438 (48.438)	Prec@5 96.875 (96.875)
Epoch [17] Training Results: Prec@1 56.855 Prec@5 98.145             Loss 1.30597
Epoch [17] Training Class Recall: [0.000,0.000,0.774,0.686,0.371,0.194,0.699,0.300]

Epoch: [18][0/10], lr: 0.01000	Loss 1.3606 (1.3606)	Prec@1 58.594 (58.594)	Prec@5 99.219 (99.219)
Epoch [18] Training Results: Prec@1 59.194 Prec@5 98.065             Loss 1.38373
Epoch [18] Training Class Recall: [0.000,0.000,0.753,0.707,0.433,0.266,0.687,0.440]

Epoch: [19][0/10], lr: 0.01000	Loss 1.3729 (1.3729)	Prec@1 57.812 (57.812)	Prec@5 97.656 (97.656)
Epoch [19] Training Results: Prec@1 60.968 Prec@5 97.984             Loss 1.27898
Epoch [19] Training Class Recall: [0.000,0.000,0.735,0.731,0.513,0.295,0.687,0.420]

Epoch: [20][0/10], lr: 0.01000	Loss 1.2952 (1.2952)	Prec@1 68.750 (68.750)	Prec@5 97.656 (97.656)
Epoch [20] Training Results: Prec@1 59.919 Prec@5 97.903             Loss 1.39959
Epoch [20] Training Class Recall: [0.000,0.000,0.740,0.698,0.478,0.353,0.651,0.400]

Epoch: [21][0/10], lr: 0.01000	Loss 1.3034 (1.3034)	Prec@1 62.500 (62.500)	Prec@5 100.000 (100.000)
Epoch [21] Training Results: Prec@1 60.403 Prec@5 98.468             Loss 1.34706
Epoch [21] Training Class Recall: [0.000,0.000,0.766,0.710,0.455,0.309,0.663,0.440]

Epoch: [22][0/10], lr: 0.01000	Loss 1.3789 (1.3789)	Prec@1 60.156 (60.156)	Prec@5 97.656 (97.656)
Epoch [22] Training Results: Prec@1 59.194 Prec@5 97.823             Loss 1.34382
Epoch [22] Training Class Recall: [0.000,0.000,0.751,0.644,0.562,0.223,0.675,0.440]

Epoch: [23][0/10], lr: 0.01000	Loss 1.4379 (1.4379)	Prec@1 64.062 (64.062)	Prec@5 99.219 (99.219)
Epoch [23] Training Results: Prec@1 60.887 Prec@5 98.629             Loss 1.29835
Epoch [23] Training Class Recall: [0.000,0.000,0.740,0.689,0.531,0.338,0.711,0.400]

Epoch: [24][0/10], lr: 0.01000	Loss 1.2940 (1.2940)	Prec@1 58.594 (58.594)	Prec@5 98.438 (98.438)
Epoch [24] Training Results: Prec@1 62.823 Prec@5 98.710             Loss 1.30001
Epoch [24] Training Class Recall: [0.000,0.000,0.740,0.719,0.585,0.302,0.614,0.700]

Epoch: [25][0/10], lr: 0.01000	Loss 1.0224 (1.0224)	Prec@1 69.531 (69.531)	Prec@5 98.438 (98.438)
Epoch [25] Training Results: Prec@1 63.871 Prec@5 98.468             Loss 1.32656
Epoch [25] Training Class Recall: [0.000,0.000,0.719,0.764,0.607,0.374,0.687,0.400]

Epoch: [26][0/10], lr: 0.01000	Loss 1.3241 (1.3241)	Prec@1 66.406 (66.406)	Prec@5 97.656 (97.656)
Epoch [26] Training Results: Prec@1 61.452 Prec@5 98.548             Loss 1.38075
Epoch [26] Training Class Recall: [0.000,0.000,0.782,0.686,0.500,0.345,0.675,0.420]

Epoch: [27][0/10], lr: 0.01000	Loss 1.3662 (1.3662)	Prec@1 65.625 (65.625)	Prec@5 98.438 (98.438)
Epoch [27] Training Results: Prec@1 64.032 Prec@5 98.387             Loss 1.33441
Epoch [27] Training Class Recall: [0.000,0.000,0.753,0.743,0.567,0.417,0.723,0.320]

Epoch: [28][0/10], lr: 0.01000	Loss 1.2329 (1.2329)	Prec@1 60.156 (60.156)	Prec@5 99.219 (99.219)
Epoch [28] Training Results: Prec@1 63.387 Prec@5 98.710             Loss 1.23373
Epoch [28] Training Class Recall: [0.000,0.000,0.751,0.683,0.585,0.424,0.590,0.700]

Epoch: [29][0/10], lr: 0.01000	Loss 0.9933 (0.9933)	Prec@1 65.625 (65.625)	Prec@5 98.438 (98.438)
Epoch [29] Training Results: Prec@1 63.226 Prec@5 98.629             Loss 1.18635
Epoch [29] Training Class Recall: [0.000,0.000,0.727,0.683,0.576,0.511,0.795,0.300]

Epoch: [30][0/10], lr: 0.01000	Loss 1.4878 (1.4878)	Prec@1 67.969 (67.969)	Prec@5 98.438 (98.438)
Epoch [30] Training Results: Prec@1 62.581 Prec@5 98.710             Loss 1.38476
Epoch [30] Training Class Recall: [0.000,0.000,0.777,0.695,0.598,0.317,0.494,0.620]

Epoch: [31][0/10], lr: 0.01000	Loss 1.2519 (1.2519)	Prec@1 63.281 (63.281)	Prec@5 97.656 (97.656)
Epoch [31] Training Results: Prec@1 65.403 Prec@5 98.226             Loss 1.24281
Epoch [31] Training Class Recall: [0.000,0.000,0.745,0.785,0.540,0.511,0.747,0.260]

Epoch: [32][0/10], lr: 0.01000	Loss 1.2197 (1.2197)	Prec@1 62.500 (62.500)	Prec@5 98.438 (98.438)
Epoch [32] Training Results: Prec@1 65.242 Prec@5 98.548             Loss 1.15959
Epoch [32] Training Class Recall: [0.000,0.000,0.735,0.731,0.634,0.388,0.771,0.540]

Epoch: [33][0/10], lr: 0.01000	Loss 1.1018 (1.1018)	Prec@1 69.531 (69.531)	Prec@5 99.219 (99.219)
Epoch [33] Training Results: Prec@1 67.097 Prec@5 98.952             Loss 1.18794
Epoch [33] Training Class Recall: [0.000,0.000,0.801,0.719,0.710,0.353,0.627,0.580]

Epoch: [34][0/10], lr: 0.01000	Loss 1.2521 (1.2521)	Prec@1 73.438 (73.438)	Prec@5 99.219 (99.219)
Epoch [34] Training Results: Prec@1 69.758 Prec@5 98.871             Loss 1.23216
Epoch [34] Training Class Recall: [0.000,0.000,0.790,0.758,0.679,0.475,0.783,0.600]

Epoch: [35][0/10], lr: 0.01000	Loss 1.2782 (1.2782)	Prec@1 70.312 (70.312)	Prec@5 98.438 (98.438)
Epoch [35] Training Results: Prec@1 70.323 Prec@5 99.113             Loss 1.26803
Epoch [35] Training Class Recall: [0.000,0.000,0.769,0.770,0.746,0.482,0.687,0.660]

Epoch: [36][0/10], lr: 0.01000	Loss 1.4506 (1.4506)	Prec@1 71.094 (71.094)	Prec@5 98.438 (98.438)
Epoch [36] Training Results: Prec@1 70.806 Prec@5 99.516             Loss 1.21875
Epoch [36] Training Class Recall: [0.000,0.000,0.819,0.785,0.688,0.439,0.735,0.600]

Epoch: [37][0/10], lr: 0.01000	Loss 0.9084 (0.9084)	Prec@1 70.312 (70.312)	Prec@5 99.219 (99.219)
Epoch [37] Training Results: Prec@1 71.048 Prec@5 99.274             Loss 1.15750
Epoch [37] Training Class Recall: [0.000,0.000,0.787,0.801,0.714,0.532,0.627,0.600]

Epoch: [38][0/10], lr: 0.01000	Loss 1.5322 (1.5322)	Prec@1 64.844 (64.844)	Prec@5 99.219 (99.219)
Epoch [38] Training Results: Prec@1 71.048 Prec@5 99.274             Loss 1.29367
Epoch [38] Training Class Recall: [0.000,0.000,0.764,0.776,0.746,0.532,0.711,0.660]

Epoch: [39][0/10], lr: 0.01000	Loss 1.0534 (1.0534)	Prec@1 77.344 (77.344)	Prec@5 100.000 (100.000)
Epoch [39] Training Results: Prec@1 71.774 Prec@5 98.952             Loss 1.13418
Epoch [39] Training Class Recall: [0.000,0.000,0.819,0.749,0.710,0.568,0.723,0.640]

Epoch: [40][0/10], lr: 0.01000	Loss 0.9268 (0.9268)	Prec@1 73.438 (73.438)	Prec@5 100.000 (100.000)
Epoch [40] Training Results: Prec@1 71.210 Prec@5 99.194             Loss 1.18668
Epoch [40] Training Class Recall: [0.000,0.000,0.816,0.749,0.714,0.460,0.807,0.660]

Epoch: [41][0/10], lr: 0.01000	Loss 1.4348 (1.4348)	Prec@1 71.875 (71.875)	Prec@5 100.000 (100.000)
Epoch [41] Training Results: Prec@1 72.258 Prec@5 99.274             Loss 1.29219
Epoch [41] Training Class Recall: [0.000,0.000,0.790,0.807,0.701,0.547,0.675,0.780]

Epoch: [42][0/10], lr: 0.01000	Loss 1.2985 (1.2985)	Prec@1 71.875 (71.875)	Prec@5 99.219 (99.219)
Epoch [42] Training Results: Prec@1 71.290 Prec@5 99.113             Loss 1.21643
Epoch [42] Training Class Recall: [0.000,0.000,0.835,0.770,0.754,0.439,0.783,0.320]

Epoch: [43][0/10], lr: 0.01000	Loss 1.2449 (1.2449)	Prec@1 81.250 (81.250)	Prec@5 99.219 (99.219)
Epoch [43] Training Results: Prec@1 73.306 Prec@5 99.355             Loss 1.20355
Epoch [43] Training Class Recall: [0.000,0.000,0.819,0.779,0.777,0.496,0.747,0.680]

Epoch: [44][0/10], lr: 0.01000	Loss 0.9972 (0.9972)	Prec@1 75.000 (75.000)	Prec@5 99.219 (99.219)
Epoch [44] Training Results: Prec@1 74.677 Prec@5 99.194             Loss 1.21285
Epoch [44] Training Class Recall: [0.000,0.000,0.819,0.785,0.750,0.590,0.867,0.640]

Epoch: [45][0/10], lr: 0.01000	Loss 0.9940 (0.9940)	Prec@1 78.125 (78.125)	Prec@5 100.000 (100.000)
Epoch [45] Training Results: Prec@1 74.113 Prec@5 99.113             Loss 1.19913
Epoch [45] Training Class Recall: [0.000,0.000,0.824,0.792,0.750,0.496,0.807,0.780]

Epoch: [46][0/10], lr: 0.01000	Loss 0.9948 (0.9948)	Prec@1 82.812 (82.812)	Prec@5 100.000 (100.000)
Epoch [46] Training Results: Prec@1 74.839 Prec@5 99.274             Loss 1.13355
Epoch [46] Training Class Recall: [0.000,0.000,0.795,0.801,0.817,0.597,0.687,0.740]

Epoch: [47][0/10], lr: 0.01000	Loss 1.3697 (1.3697)	Prec@1 73.438 (73.438)	Prec@5 99.219 (99.219)
Epoch [47] Training Results: Prec@1 74.919 Prec@5 99.355             Loss 1.15192
Epoch [47] Training Class Recall: [0.000,0.065,0.837,0.770,0.754,0.619,0.783,0.660]

Epoch: [48][0/10], lr: 0.01000	Loss 1.2802 (1.2802)	Prec@1 77.344 (77.344)	Prec@5 99.219 (99.219)
Epoch [48] Training Results: Prec@1 76.210 Prec@5 99.194             Loss 1.11706
Epoch [48] Training Class Recall: [0.000,0.000,0.837,0.798,0.768,0.604,0.855,0.700]

Epoch: [49][0/10], lr: 0.01000	Loss 1.4062 (1.4062)	Prec@1 75.000 (75.000)	Prec@5 99.219 (99.219)
Epoch [49] Training Results: Prec@1 73.952 Prec@5 99.194             Loss 1.23740
Epoch [49] Training Class Recall: [0.000,0.000,0.832,0.782,0.732,0.511,0.867,0.680]

Epoch: [50][0/10], lr: 0.01000	Loss 1.0064 (1.0064)	Prec@1 79.688 (79.688)	Prec@5 100.000 (100.000)
Epoch [50] Training Results: Prec@1 76.371 Prec@5 99.597             Loss 1.03581
Epoch [50] Training Class Recall: [0.000,0.000,0.835,0.852,0.772,0.525,0.795,0.700]

Epoch: [51][0/10], lr: 0.01000	Loss 1.5469 (1.5469)	Prec@1 71.094 (71.094)	Prec@5 100.000 (100.000)
Epoch [51] Training Results: Prec@1 73.790 Prec@5 99.597             Loss 1.30178
Epoch [51] Training Class Recall: [0.000,0.032,0.822,0.804,0.759,0.511,0.795,0.560]

Epoch: [52][0/10], lr: 0.01000	Loss 1.4369 (1.4369)	Prec@1 71.094 (71.094)	Prec@5 100.000 (100.000)
Epoch [52] Training Results: Prec@1 74.758 Prec@5 99.435             Loss 1.25147
Epoch [52] Training Class Recall: [0.000,0.000,0.811,0.798,0.799,0.525,0.771,0.760]

Epoch: [53][0/10], lr: 0.01000	Loss 1.3286 (1.3286)	Prec@1 75.781 (75.781)	Prec@5 100.000 (100.000)
Epoch [53] Training Results: Prec@1 74.113 Prec@5 99.355             Loss 1.08445
Epoch [53] Training Class Recall: [0.000,0.000,0.845,0.776,0.777,0.432,0.783,0.820]

Epoch: [54][0/10], lr: 0.01000	Loss 0.7031 (0.7031)	Prec@1 78.906 (78.906)	Prec@5 100.000 (100.000)
Epoch [54] Training Results: Prec@1 76.774 Prec@5 99.516             Loss 1.06690
Epoch [54] Training Class Recall: [0.000,0.065,0.850,0.807,0.786,0.511,0.867,0.800]

Epoch: [55][0/10], lr: 0.01000	Loss 0.8281 (0.8281)	Prec@1 81.250 (81.250)	Prec@5 100.000 (100.000)
Epoch [55] Training Results: Prec@1 76.452 Prec@5 99.516             Loss 1.11239
Epoch [55] Training Class Recall: [0.000,0.000,0.819,0.831,0.772,0.619,0.735,0.820]

Epoch: [56][0/10], lr: 0.01000	Loss 0.9643 (0.9643)	Prec@1 81.250 (81.250)	Prec@5 99.219 (99.219)
Epoch [56] Training Results: Prec@1 79.677 Prec@5 99.435             Loss 1.02120
Epoch [56] Training Class Recall: [0.000,0.000,0.885,0.834,0.799,0.619,0.855,0.780]

Epoch: [57][0/10], lr: 0.01000	Loss 1.1816 (1.1816)	Prec@1 82.031 (82.031)	Prec@5 99.219 (99.219)
Epoch [57] Training Results: Prec@1 79.274 Prec@5 99.516             Loss 1.12935
Epoch [57] Training Class Recall: [0.000,0.097,0.861,0.807,0.839,0.647,0.855,0.720]

Epoch: [58][0/10], lr: 0.01000	Loss 1.3067 (1.3067)	Prec@1 76.562 (76.562)	Prec@5 100.000 (100.000)
Epoch [58] Training Results: Prec@1 77.177 Prec@5 99.516             Loss 1.15281
Epoch [58] Training Class Recall: [0.000,0.000,0.835,0.870,0.741,0.554,0.843,0.760]

Epoch: [59][0/10], lr: 0.01000	Loss 0.6219 (0.6219)	Prec@1 81.250 (81.250)	Prec@5 100.000 (100.000)
Epoch [59] Training Results: Prec@1 76.048 Prec@5 99.516             Loss 1.20052
Epoch [59] Training Class Recall: [0.000,0.000,0.853,0.801,0.795,0.504,0.783,0.800]

Epoch: [60][0/10], lr: 0.01000	Loss 1.2693 (1.2693)	Prec@1 82.031 (82.031)	Prec@5 100.000 (100.000)
Epoch [60] Training Results: Prec@1 76.532 Prec@5 99.355             Loss 1.22192
Epoch [60] Training Class Recall: [0.000,0.000,0.858,0.758,0.804,0.604,0.855,0.720]

Epoch: [61][0/10], lr: 0.01000	Loss 1.2513 (1.2513)	Prec@1 80.469 (80.469)	Prec@5 100.000 (100.000)
Epoch [61] Training Results: Prec@1 79.758 Prec@5 99.597             Loss 1.18502
Epoch [61] Training Class Recall: [0.000,0.065,0.882,0.828,0.808,0.626,0.843,0.780]

Epoch: [62][0/10], lr: 0.01000	Loss 1.0277 (1.0277)	Prec@1 82.031 (82.031)	Prec@5 100.000 (100.000)
Epoch [62] Training Results: Prec@1 79.516 Prec@5 99.839             Loss 1.01103
Epoch [62] Training Class Recall: [0.000,0.000,0.861,0.870,0.808,0.604,0.771,0.820]

Epoch: [63][0/10], lr: 0.01000	Loss 0.9346 (0.9346)	Prec@1 82.031 (82.031)	Prec@5 99.219 (99.219)
Epoch [63] Training Results: Prec@1 81.371 Prec@5 99.758             Loss 1.15536
Epoch [63] Training Class Recall: [0.000,0.097,0.885,0.864,0.821,0.640,0.916,0.680]

Epoch: [64][0/10], lr: 0.01000	Loss 1.2356 (1.2356)	Prec@1 82.812 (82.812)	Prec@5 99.219 (99.219)
Epoch [64] Training Results: Prec@1 80.565 Prec@5 99.435             Loss 1.12523
Epoch [64] Training Class Recall: [0.000,0.065,0.887,0.861,0.830,0.691,0.663,0.740]

Epoch: [65][0/10], lr: 0.01000	Loss 1.1246 (1.1246)	Prec@1 81.250 (81.250)	Prec@5 100.000 (100.000)
Epoch [65] Training Results: Prec@1 80.000 Prec@5 99.677             Loss 1.12337
Epoch [65] Training Class Recall: [0.000,0.000,0.861,0.855,0.790,0.662,0.892,0.760]

Epoch: [66][0/10], lr: 0.01000	Loss 1.0249 (1.0249)	Prec@1 79.688 (79.688)	Prec@5 99.219 (99.219)
Epoch [66] Training Results: Prec@1 80.887 Prec@5 99.516             Loss 1.18903
Epoch [66] Training Class Recall: [0.000,0.129,0.885,0.870,0.790,0.655,0.855,0.700]

Epoch: [67][0/10], lr: 0.01000	Loss 0.9470 (0.9470)	Prec@1 86.719 (86.719)	Prec@5 99.219 (99.219)
Epoch [67] Training Results: Prec@1 82.177 Prec@5 99.758             Loss 1.03839
Epoch [67] Training Class Recall: [0.000,0.129,0.856,0.906,0.808,0.662,0.880,0.860]

Epoch: [68][0/10], lr: 0.01000	Loss 1.4277 (1.4277)	Prec@1 79.688 (79.688)	Prec@5 100.000 (100.000)
Epoch [68] Training Results: Prec@1 82.177 Prec@5 99.516             Loss 1.10248
Epoch [68] Training Class Recall: [0.000,0.161,0.885,0.849,0.844,0.655,0.904,0.820]

Epoch: [69][0/10], lr: 0.01000	Loss 0.8672 (0.8672)	Prec@1 86.719 (86.719)	Prec@5 100.000 (100.000)
Epoch [69] Training Results: Prec@1 82.177 Prec@5 99.677             Loss 0.88347
Epoch [69] Training Class Recall: [0.000,0.097,0.887,0.843,0.839,0.719,0.831,0.840]

Epoch: [70][0/10], lr: 0.01000	Loss 0.6342 (0.6342)	Prec@1 84.375 (84.375)	Prec@5 99.219 (99.219)
Epoch [70] Training Results: Prec@1 80.081 Prec@5 99.677             Loss 1.20099
Epoch [70] Training Class Recall: [0.000,0.194,0.835,0.864,0.795,0.683,0.880,0.740]

Epoch: [71][0/10], lr: 0.01000	Loss 1.3295 (1.3295)	Prec@1 74.219 (74.219)	Prec@5 100.000 (100.000)
Epoch [71] Training Results: Prec@1 76.855 Prec@5 99.113             Loss 1.15053
Epoch [71] Training Class Recall: [0.000,0.032,0.835,0.810,0.826,0.561,0.807,0.720]

Epoch: [72][0/10], lr: 0.01000	Loss 0.9642 (0.9642)	Prec@1 74.219 (74.219)	Prec@5 98.438 (98.438)
Epoch [72] Training Results: Prec@1 80.565 Prec@5 99.194             Loss 1.05784
Epoch [72] Training Class Recall: [0.000,0.000,0.856,0.849,0.821,0.676,0.880,0.820]

Epoch: [73][0/10], lr: 0.01000	Loss 1.0076 (1.0076)	Prec@1 82.812 (82.812)	Prec@5 100.000 (100.000)
Epoch [73] Training Results: Prec@1 81.371 Prec@5 99.677             Loss 1.10285
Epoch [73] Training Class Recall: [0.000,0.161,0.864,0.855,0.857,0.612,0.892,0.820]

Epoch: [74][0/10], lr: 0.01000	Loss 1.0068 (1.0068)	Prec@1 84.375 (84.375)	Prec@5 99.219 (99.219)
Epoch [74] Training Results: Prec@1 82.581 Prec@5 99.516             Loss 0.94121
Epoch [74] Training Class Recall: [0.000,0.129,0.871,0.909,0.839,0.655,0.771,0.880]

Epoch: [75][0/10], lr: 0.01000	Loss 0.9297 (0.9297)	Prec@1 85.156 (85.156)	Prec@5 100.000 (100.000)
Epoch [75] Training Results: Prec@1 84.194 Prec@5 99.435             Loss 0.93378
Epoch [75] Training Class Recall: [0.000,0.194,0.879,0.855,0.871,0.777,0.880,0.880]

Epoch: [76][0/10], lr: 0.01000	Loss 0.7429 (0.7429)	Prec@1 85.156 (85.156)	Prec@5 100.000 (100.000)
Epoch [76] Training Results: Prec@1 83.387 Prec@5 99.839             Loss 1.03628
Epoch [76] Training Class Recall: [0.000,0.161,0.882,0.885,0.844,0.676,0.867,0.900]

Epoch: [77][0/10], lr: 0.01000	Loss 0.8937 (0.8937)	Prec@1 85.938 (85.938)	Prec@5 99.219 (99.219)
Epoch [77] Training Results: Prec@1 82.500 Prec@5 99.758             Loss 1.01141
Epoch [77] Training Class Recall: [0.000,0.161,0.877,0.879,0.853,0.655,0.855,0.800]

Epoch: [78][0/10], lr: 0.01000	Loss 1.2318 (1.2318)	Prec@1 80.469 (80.469)	Prec@5 100.000 (100.000)
Epoch [78] Training Results: Prec@1 83.468 Prec@5 99.516             Loss 1.06506
Epoch [78] Training Class Recall: [0.000,0.226,0.913,0.867,0.786,0.755,0.867,0.800]

Epoch: [79][0/10], lr: 0.01000	Loss 0.8183 (0.8183)	Prec@1 85.156 (85.156)	Prec@5 98.438 (98.438)
Epoch [79] Training Results: Prec@1 82.661 Prec@5 99.839             Loss 1.05078
Epoch [79] Training Class Recall: [0.000,0.226,0.898,0.843,0.839,0.676,0.880,0.840]

Epoch: [80][0/10], lr: 0.01000	Loss 0.7611 (0.7611)	Prec@1 88.281 (88.281)	Prec@5 100.000 (100.000)
Epoch [80] Training Results: Prec@1 83.629 Prec@5 99.839             Loss 1.02255
Epoch [80] Training Class Recall: [0.000,0.194,0.908,0.846,0.844,0.691,0.892,0.920]

Epoch: [81][0/10], lr: 0.01000	Loss 0.7677 (0.7677)	Prec@1 79.688 (79.688)	Prec@5 100.000 (100.000)
Epoch [81] Training Results: Prec@1 84.839 Prec@5 99.839             Loss 1.09815
Epoch [81] Training Class Recall: [0.000,0.419,0.898,0.894,0.853,0.719,0.892,0.720]

Epoch: [82][0/10], lr: 0.01000	Loss 1.2005 (1.2005)	Prec@1 87.500 (87.500)	Prec@5 100.000 (100.000)
Epoch [82] Training Results: Prec@1 86.290 Prec@5 99.919             Loss 1.02905
Epoch [82] Training Class Recall: [0.000,0.065,0.911,0.906,0.875,0.755,0.964,0.800]

Epoch: [83][0/10], lr: 0.01000	Loss 1.3667 (1.3667)	Prec@1 87.500 (87.500)	Prec@5 99.219 (99.219)
Epoch [83] Training Results: Prec@1 87.339 Prec@5 99.597             Loss 1.00082
Epoch [83] Training Class Recall: [0.000,0.194,0.924,0.906,0.875,0.791,0.916,0.860]

Epoch: [84][0/10], lr: 0.01000	Loss 0.7799 (0.7799)	Prec@1 82.812 (82.812)	Prec@5 100.000 (100.000)
Epoch [84] Training Results: Prec@1 85.242 Prec@5 99.516             Loss 1.02777
Epoch [84] Training Class Recall: [0.000,0.258,0.908,0.888,0.853,0.727,0.904,0.840]

Epoch: [85][0/10], lr: 0.01000	Loss 1.2164 (1.2164)	Prec@1 81.250 (81.250)	Prec@5 100.000 (100.000)
Epoch [85] Training Results: Prec@1 85.242 Prec@5 99.516             Loss 1.00215
Epoch [85] Training Class Recall: [0.000,0.484,0.908,0.891,0.835,0.698,0.867,0.900]

Epoch: [86][0/10], lr: 0.01000	Loss 1.1907 (1.1907)	Prec@1 85.938 (85.938)	Prec@5 99.219 (99.219)
Epoch [86] Training Results: Prec@1 86.694 Prec@5 99.677             Loss 0.99322
Epoch [86] Training Class Recall: [0.000,0.097,0.911,0.888,0.897,0.813,0.892,0.860]

Epoch: [87][0/10], lr: 0.01000	Loss 0.9685 (0.9685)	Prec@1 91.406 (91.406)	Prec@5 100.000 (100.000)
Epoch [87] Training Results: Prec@1 86.129 Prec@5 99.758             Loss 1.02072
Epoch [87] Training Class Recall: [0.000,0.290,0.900,0.903,0.862,0.777,0.928,0.780]

Epoch: [88][0/10], lr: 0.01000	Loss 1.0351 (1.0351)	Prec@1 88.281 (88.281)	Prec@5 100.000 (100.000)
Epoch [88] Training Results: Prec@1 87.742 Prec@5 99.919             Loss 1.06371
Epoch [88] Training Class Recall: [0.000,0.516,0.908,0.909,0.902,0.719,0.892,0.980]

Epoch: [89][0/10], lr: 0.01000	Loss 1.1478 (1.1478)	Prec@1 91.406 (91.406)	Prec@5 100.000 (100.000)
Epoch [89] Training Results: Prec@1 85.968 Prec@5 99.758             Loss 1.11620
Epoch [89] Training Class Recall: [0.000,0.194,0.892,0.888,0.902,0.827,0.843,0.780]

Epoch: [90][0/10], lr: 0.01000	Loss 0.8943 (0.8943)	Prec@1 87.500 (87.500)	Prec@5 98.438 (98.438)
Epoch [90] Training Results: Prec@1 85.565 Prec@5 99.677             Loss 1.11452
Epoch [90] Training Class Recall: [0.000,0.419,0.913,0.849,0.893,0.705,0.928,0.880]

Epoch: [91][0/10], lr: 0.01000	Loss 1.3730 (1.3730)	Prec@1 81.250 (81.250)	Prec@5 99.219 (99.219)
Epoch [91] Training Results: Prec@1 84.516 Prec@5 99.677             Loss 0.99737
Epoch [91] Training Class Recall: [0.000,0.161,0.908,0.858,0.857,0.777,0.928,0.720]

Epoch: [92][0/10], lr: 0.01000	Loss 0.6685 (0.6685)	Prec@1 91.406 (91.406)	Prec@5 100.000 (100.000)
Epoch [92] Training Results: Prec@1 88.306 Prec@5 99.758             Loss 1.08025
Epoch [92] Training Class Recall: [0.000,0.484,0.900,0.940,0.915,0.727,0.964,0.800]

Epoch: [93][0/10], lr: 0.01000	Loss 1.2998 (1.2998)	Prec@1 87.500 (87.500)	Prec@5 100.000 (100.000)
Epoch [93] Training Results: Prec@1 88.387 Prec@5 99.758             Loss 0.97486
Epoch [93] Training Class Recall: [0.000,0.258,0.919,0.906,0.915,0.806,0.904,0.920]

Epoch: [94][0/10], lr: 0.01000	Loss 1.0999 (1.0999)	Prec@1 89.062 (89.062)	Prec@5 100.000 (100.000)
Epoch [94] Training Results: Prec@1 88.710 Prec@5 99.758             Loss 0.91274
Epoch [94] Training Class Recall: [0.000,0.323,0.929,0.897,0.911,0.799,0.952,0.900]

Epoch: [95][0/10], lr: 0.01000	Loss 1.1656 (1.1656)	Prec@1 89.844 (89.844)	Prec@5 100.000 (100.000)
Epoch [95] Training Results: Prec@1 87.177 Prec@5 99.839             Loss 0.90778
Epoch [95] Training Class Recall: [0.000,0.419,0.892,0.909,0.871,0.791,0.880,0.980]

Epoch: [96][0/10], lr: 0.01000	Loss 1.2267 (1.2267)	Prec@1 84.375 (84.375)	Prec@5 99.219 (99.219)
Epoch [96] Training Results: Prec@1 86.935 Prec@5 99.597             Loss 1.07559
Epoch [96] Training Class Recall: [0.000,0.323,0.908,0.918,0.835,0.799,0.928,0.860]

Epoch: [97][0/10], lr: 0.01000	Loss 1.2965 (1.2965)	Prec@1 85.156 (85.156)	Prec@5 100.000 (100.000)
Epoch [97] Training Results: Prec@1 87.419 Prec@5 99.758             Loss 1.02439
Epoch [97] Training Class Recall: [0.000,0.065,0.919,0.909,0.942,0.755,0.843,0.900]

Epoch: [98][0/10], lr: 0.01000	Loss 1.3249 (1.3249)	Prec@1 85.156 (85.156)	Prec@5 100.000 (100.000)
Epoch [98] Training Results: Prec@1 89.113 Prec@5 99.839             Loss 0.97986
Epoch [98] Training Class Recall: [0.000,0.290,0.929,0.934,0.875,0.827,0.904,0.940]

Epoch: [99][0/10], lr: 0.01000	Loss 1.3334 (1.3334)	Prec@1 85.156 (85.156)	Prec@5 99.219 (99.219)
Epoch [99] Training Results: Prec@1 86.774 Prec@5 99.839             Loss 1.03501
Epoch [99] Training Class Recall: [0.000,0.419,0.895,0.909,0.835,0.799,0.928,0.920]

Epoch: [100][0/10], lr: 0.01000	Loss 1.2201 (1.2201)	Prec@1 86.719 (86.719)	Prec@5 100.000 (100.000)
Epoch [100] Training Results: Prec@1 85.161 Prec@5 99.839             Loss 1.10808
Epoch [100] Training Class Recall: [0.000,0.419,0.916,0.840,0.871,0.748,0.892,0.860]

Epoch: [101][0/10], lr: 0.01000	Loss 0.8085 (0.8085)	Prec@1 86.719 (86.719)	Prec@5 100.000 (100.000)
Epoch [101] Training Results: Prec@1 87.419 Prec@5 99.839             Loss 0.98564
Epoch [101] Training Class Recall: [0.000,0.581,0.906,0.924,0.848,0.748,0.904,0.920]

Epoch: [102][0/10], lr: 0.01000	Loss 0.4421 (0.4421)	Prec@1 89.844 (89.844)	Prec@5 100.000 (100.000)
Epoch [102] Training Results: Prec@1 88.145 Prec@5 99.919             Loss 0.79905
Epoch [102] Training Class Recall: [0.000,0.387,0.911,0.912,0.862,0.842,0.916,0.920]

Epoch: [103][0/10], lr: 0.01000	Loss 0.9346 (0.9346)	Prec@1 93.750 (93.750)	Prec@5 100.000 (100.000)
Epoch [103] Training Results: Prec@1 90.887 Prec@5 99.839             Loss 0.97205
Epoch [103] Training Class Recall: [0.000,0.645,0.942,0.924,0.938,0.770,0.928,0.960]

Epoch: [104][0/10], lr: 0.01000	Loss 1.2926 (1.2926)	Prec@1 86.719 (86.719)	Prec@5 100.000 (100.000)
Epoch [104] Training Results: Prec@1 87.903 Prec@5 99.839             Loss 1.00132
Epoch [104] Training Class Recall: [0.000,0.419,0.924,0.915,0.897,0.748,0.904,0.840]

Epoch: [105][0/10], lr: 0.01000	Loss 1.1779 (1.1779)	Prec@1 89.844 (89.844)	Prec@5 100.000 (100.000)
Epoch [105] Training Results: Prec@1 90.645 Prec@5 99.677             Loss 0.95215
Epoch [105] Training Class Recall: [0.000,0.452,0.934,0.927,0.933,0.799,0.952,0.960]

Epoch: [106][0/10], lr: 0.01000	Loss 0.8187 (0.8187)	Prec@1 93.750 (93.750)	Prec@5 100.000 (100.000)
Epoch [106] Training Results: Prec@1 90.161 Prec@5 99.758             Loss 0.90002
Epoch [106] Training Class Recall: [0.000,0.387,0.937,0.921,0.929,0.827,0.916,0.900]

Epoch: [107][0/10], lr: 0.01000	Loss 0.8538 (0.8538)	Prec@1 89.844 (89.844)	Prec@5 100.000 (100.000)
Epoch [107] Training Results: Prec@1 91.935 Prec@5 99.919             Loss 0.92746
Epoch [107] Training Class Recall: [0.000,0.742,0.958,0.912,0.933,0.849,0.940,0.900]

Epoch: [108][0/10], lr: 0.01000	Loss 0.9716 (0.9716)	Prec@1 92.188 (92.188)	Prec@5 100.000 (100.000)
Epoch [108] Training Results: Prec@1 91.452 Prec@5 99.919             Loss 0.93637
Epoch [108] Training Class Recall: [0.000,0.516,0.929,0.927,0.929,0.871,0.952,0.980]

Epoch: [109][0/10], lr: 0.01000	Loss 0.6572 (0.6572)	Prec@1 92.969 (92.969)	Prec@5 100.000 (100.000)
Epoch [109] Training Results: Prec@1 90.887 Prec@5 99.919             Loss 0.88870
Epoch [109] Training Class Recall: [0.000,0.581,0.942,0.946,0.884,0.835,0.928,0.920]

Epoch: [110][0/10], lr: 0.01000	Loss 1.3788 (1.3788)	Prec@1 92.188 (92.188)	Prec@5 100.000 (100.000)
Epoch [110] Training Results: Prec@1 91.210 Prec@5 99.839             Loss 0.76969
Epoch [110] Training Class Recall: [0.000,0.613,0.906,0.921,0.942,0.899,0.952,0.940]

Epoch: [111][0/10], lr: 0.01000	Loss 1.3056 (1.3056)	Prec@1 89.062 (89.062)	Prec@5 100.000 (100.000)
Epoch [111] Training Results: Prec@1 88.468 Prec@5 99.919             Loss 1.00163
Epoch [111] Training Class Recall: [0.000,0.516,0.953,0.864,0.875,0.813,0.964,0.860]

Epoch: [112][0/10], lr: 0.01000	Loss 1.3903 (1.3903)	Prec@1 89.062 (89.062)	Prec@5 100.000 (100.000)
Epoch [112] Training Results: Prec@1 89.435 Prec@5 99.758             Loss 1.03945
Epoch [112] Training Class Recall: [0.000,0.581,0.924,0.931,0.893,0.791,0.940,0.860]

Epoch: [113][0/10], lr: 0.01000	Loss 1.2354 (1.2354)	Prec@1 93.750 (93.750)	Prec@5 100.000 (100.000)
Epoch [113] Training Results: Prec@1 89.355 Prec@5 99.839             Loss 0.95814
Epoch [113] Training Class Recall: [0.000,0.452,0.961,0.909,0.879,0.784,0.964,0.820]

Epoch: [114][0/10], lr: 0.01000	Loss 0.7566 (0.7566)	Prec@1 93.750 (93.750)	Prec@5 100.000 (100.000)
Epoch [114] Training Results: Prec@1 92.016 Prec@5 99.839             Loss 0.70720
Epoch [114] Training Class Recall: [0.000,0.581,0.945,0.937,0.893,0.885,0.976,0.980]

Epoch: [115][0/10], lr: 0.01000	Loss 0.6812 (0.6812)	Prec@1 92.969 (92.969)	Prec@5 100.000 (100.000)
Epoch [115] Training Results: Prec@1 93.226 Prec@5 99.919             Loss 0.83096
Epoch [115] Training Class Recall: [0.000,0.710,0.945,0.958,0.924,0.885,0.988,0.900]

Epoch: [116][0/10], lr: 0.01000	Loss 1.0652 (1.0652)	Prec@1 93.750 (93.750)	Prec@5 100.000 (100.000)
Epoch [116] Training Results: Prec@1 90.081 Prec@5 99.919             Loss 0.94531
Epoch [116] Training Class Recall: [0.000,0.419,0.934,0.906,0.906,0.863,0.964,0.900]

Epoch: [117][0/10], lr: 0.01000	Loss 1.1455 (1.1455)	Prec@1 91.406 (91.406)	Prec@5 100.000 (100.000)
Epoch [117] Training Results: Prec@1 89.919 Prec@5 99.919             Loss 0.79370
Epoch [117] Training Class Recall: [0.000,0.581,0.948,0.940,0.862,0.784,0.928,0.920]

Epoch: [118][0/10], lr: 0.01000	Loss 1.4140 (1.4140)	Prec@1 89.062 (89.062)	Prec@5 100.000 (100.000)
Epoch [118] Training Results: Prec@1 92.500 Prec@5 99.919             Loss 1.02939
Epoch [118] Training Class Recall: [0.000,0.613,0.927,0.946,0.920,0.928,0.964,0.940]

Epoch: [119][0/10], lr: 0.01000	Loss 0.9100 (0.9100)	Prec@1 97.656 (97.656)	Prec@5 100.000 (100.000)
Epoch [119] Training Results: Prec@1 92.823 Prec@5 99.758             Loss 0.99123
Epoch [119] Training Class Recall: [0.000,0.871,0.945,0.937,0.942,0.835,0.988,0.900]

Epoch: [120][0/10], lr: 0.01000	Loss 0.6256 (0.6256)	Prec@1 95.312 (95.312)	Prec@5 100.000 (100.000)
Epoch [120] Training Results: Prec@1 91.129 Prec@5 99.677             Loss 0.94463
Epoch [120] Training Class Recall: [0.000,0.226,0.958,0.931,0.888,0.899,0.976,0.900]

Epoch: [121][0/10], lr: 0.01000	Loss 0.8848 (0.8848)	Prec@1 96.094 (96.094)	Prec@5 100.000 (100.000)
Epoch [121] Training Results: Prec@1 92.903 Prec@5 99.919             Loss 0.95305
Epoch [121] Training Class Recall: [0.000,0.710,0.945,0.958,0.911,0.885,0.928,0.980]

Epoch: [122][0/10], lr: 0.01000	Loss 0.7064 (0.7064)	Prec@1 95.312 (95.312)	Prec@5 100.000 (100.000)
Epoch [122] Training Results: Prec@1 92.742 Prec@5 99.919             Loss 1.03420
Epoch [122] Training Class Recall: [0.000,0.645,0.950,0.943,0.960,0.863,0.940,0.860]

Epoch: [123][0/10], lr: 0.01000	Loss 1.2150 (1.2150)	Prec@1 92.969 (92.969)	Prec@5 100.000 (100.000)
Epoch [123] Training Results: Prec@1 92.581 Prec@5 99.839             Loss 1.07005
Epoch [123] Training Class Recall: [0.000,0.774,0.953,0.940,0.929,0.863,0.916,0.920]

Epoch: [124][0/10], lr: 0.01000	Loss 1.1360 (1.1360)	Prec@1 92.969 (92.969)	Prec@5 100.000 (100.000)
Epoch [124] Training Results: Prec@1 92.500 Prec@5 99.919             Loss 1.04574
Epoch [124] Training Class Recall: [0.000,0.710,0.950,0.949,0.902,0.885,0.952,0.900]

Epoch: [125][0/10], lr: 0.01000	Loss 0.5238 (0.5238)	Prec@1 94.531 (94.531)	Prec@5 100.000 (100.000)
Epoch [125] Training Results: Prec@1 93.952 Prec@5 99.919             Loss 0.91873
Epoch [125] Training Class Recall: [0.000,0.742,0.976,0.934,0.938,0.885,0.964,0.960]

Epoch: [126][0/10], lr: 0.01000	Loss 1.2017 (1.2017)	Prec@1 95.312 (95.312)	Prec@5 100.000 (100.000)
Epoch [126] Training Results: Prec@1 92.903 Prec@5 99.919             Loss 0.97329
Epoch [126] Training Class Recall: [0.000,0.774,0.929,0.931,0.929,0.935,0.964,0.960]

Epoch: [127][0/10], lr: 0.01000	Loss 1.1849 (1.1849)	Prec@1 96.094 (96.094)	Prec@5 100.000 (100.000)
Epoch [127] Training Results: Prec@1 94.113 Prec@5 99.919             Loss 0.89566
Epoch [127] Training Class Recall: [0.000,0.613,0.953,0.946,0.942,0.942,0.988,0.960]

Epoch: [128][0/10], lr: 0.01000	Loss 0.5810 (0.5810)	Prec@1 96.875 (96.875)	Prec@5 100.000 (100.000)
Epoch [128] Training Results: Prec@1 95.484 Prec@5 99.919             Loss 0.67774
Epoch [128] Training Class Recall: [0.000,0.742,0.979,0.961,0.951,0.935,0.964,0.940]

Epoch: [129][0/10], lr: 0.01000	Loss 0.2247 (0.2247)	Prec@1 96.094 (96.094)	Prec@5 100.000 (100.000)
Epoch [129] Training Results: Prec@1 94.516 Prec@5 99.919             Loss 0.87588
Epoch [129] Training Class Recall: [0.000,0.839,0.955,0.949,0.960,0.899,0.964,0.960]

Epoch: [130][0/10], lr: 0.01000	Loss 1.2388 (1.2388)	Prec@1 94.531 (94.531)	Prec@5 100.000 (100.000)
Epoch [130] Training Results: Prec@1 83.790 Prec@5 99.516             Loss 0.82785
Epoch [130] Training Class Recall: [0.000,0.710,0.643,0.906,0.942,0.935,0.988,0.980]

Epoch: [131][0/10], lr: 0.01000	Loss 0.4765 (0.4765)	Prec@1 75.781 (75.781)	Prec@5 100.000 (100.000)
Epoch [131] Training Results: Prec@1 83.226 Prec@5 99.516             Loss 0.74429
Epoch [131] Training Class Recall: [0.000,0.097,0.682,0.879,0.964,0.950,0.964,1.000]

Epoch: [132][0/10], lr: 0.01000	Loss 1.0283 (1.0283)	Prec@1 88.281 (88.281)	Prec@5 99.219 (99.219)
Epoch [132] Training Results: Prec@1 83.226 Prec@5 99.355             Loss 0.71444
Epoch [132] Training Class Recall: [0.000,0.000,0.751,0.867,0.933,0.921,0.940,0.880]

Epoch: [133][0/10], lr: 0.01000	Loss 0.9380 (0.9380)	Prec@1 86.719 (86.719)	Prec@5 100.000 (100.000)
Epoch [133] Training Results: Prec@1 84.677 Prec@5 99.758             Loss 0.96505
Epoch [133] Training Class Recall: [0.000,0.129,0.806,0.822,0.938,0.914,0.976,0.980]

Epoch: [134][0/10], lr: 0.01000	Loss 1.0939 (1.0939)	Prec@1 82.812 (82.812)	Prec@5 100.000 (100.000)
Epoch [134] Training Results: Prec@1 81.532 Prec@5 99.758             Loss 0.93644
Epoch [134] Training Class Recall: [0.000,0.194,0.646,0.843,0.951,0.986,0.988,0.960]

Epoch: [135][0/10], lr: 0.01000	Loss 1.2308 (1.2308)	Prec@1 88.281 (88.281)	Prec@5 100.000 (100.000)
Epoch [135] Training Results: Prec@1 85.323 Prec@5 99.435             Loss 0.91137
Epoch [135] Training Class Recall: [0.000,0.161,0.751,0.870,0.964,0.964,0.976,0.960]

Epoch: [136][0/10], lr: 0.01000	Loss 1.0810 (1.0810)	Prec@1 82.031 (82.031)	Prec@5 99.219 (99.219)
Epoch [136] Training Results: Prec@1 83.952 Prec@5 99.597             Loss 0.78692
Epoch [136] Training Class Recall: [0.000,0.129,0.743,0.885,0.915,0.950,0.952,0.900]

Epoch: [137][0/10], lr: 0.01000	Loss 0.3180 (0.3180)	Prec@1 86.719 (86.719)	Prec@5 100.000 (100.000)
Epoch [137] Training Results: Prec@1 85.323 Prec@5 99.597             Loss 0.75933
Epoch [137] Training Class Recall: [0.000,0.097,0.759,0.894,0.938,0.921,1.000,0.980]

Epoch: [138][0/10], lr: 0.01000	Loss 0.8865 (0.8865)	Prec@1 82.031 (82.031)	Prec@5 100.000 (100.000)
Epoch [138] Training Results: Prec@1 87.339 Prec@5 99.758             Loss 0.66233
Epoch [138] Training Class Recall: [0.000,0.323,0.795,0.879,0.955,0.957,0.988,1.000]

Epoch: [139][0/10], lr: 0.01000	Loss 0.6761 (0.6761)	Prec@1 88.281 (88.281)	Prec@5 100.000 (100.000)
Epoch [139] Training Results: Prec@1 87.177 Prec@5 99.597             Loss 0.77796
Epoch [139] Training Class Recall: [0.000,0.355,0.777,0.891,0.960,0.978,0.976,0.940]

Epoch: [140][0/10], lr: 0.01000	Loss 0.3599 (0.3599)	Prec@1 85.156 (85.156)	Prec@5 100.000 (100.000)
Epoch [140] Training Results: Prec@1 85.242 Prec@5 99.597             Loss 0.76420
Epoch [140] Training Class Recall: [0.000,0.419,0.814,0.816,0.924,0.928,0.952,0.980]

Epoch: [141][0/10], lr: 0.01000	Loss 0.9101 (0.9101)	Prec@1 87.500 (87.500)	Prec@5 99.219 (99.219)
Epoch [141] Training Results: Prec@1 85.726 Prec@5 99.677             Loss 0.75938
Epoch [141] Training Class Recall: [0.000,0.226,0.740,0.897,0.955,0.957,0.964,1.000]

Epoch: [142][0/10], lr: 0.01000	Loss 0.5593 (0.5593)	Prec@1 92.188 (92.188)	Prec@5 100.000 (100.000)
Epoch [142] Training Results: Prec@1 87.823 Prec@5 99.839             Loss 0.79390
Epoch [142] Training Class Recall: [0.000,0.452,0.772,0.888,0.973,0.978,1.000,1.000]

Epoch: [143][0/10], lr: 0.01000	Loss 0.8949 (0.8949)	Prec@1 86.719 (86.719)	Prec@5 100.000 (100.000)
Epoch [143] Training Results: Prec@1 84.597 Prec@5 99.677             Loss 0.64379
Epoch [143] Training Class Recall: [0.000,0.355,0.766,0.846,0.924,0.950,0.940,0.980]

Epoch: [144][0/10], lr: 0.01000	Loss 0.6268 (0.6268)	Prec@1 88.281 (88.281)	Prec@5 99.219 (99.219)
Epoch [144] Training Results: Prec@1 89.597 Prec@5 99.677             Loss 0.73934
Epoch [144] Training Class Recall: [0.000,0.323,0.840,0.918,0.951,0.942,1.000,1.000]

Epoch: [145][0/10], lr: 0.01000	Loss 0.9390 (0.9390)	Prec@1 80.469 (80.469)	Prec@5 99.219 (99.219)
Epoch [145] Training Results: Prec@1 85.242 Prec@5 99.839             Loss 0.81719
Epoch [145] Training Class Recall: [0.000,0.548,0.745,0.837,0.951,0.957,1.000,1.000]

Epoch: [146][0/10], lr: 0.01000	Loss 0.8796 (0.8796)	Prec@1 87.500 (87.500)	Prec@5 99.219 (99.219)
Epoch [146] Training Results: Prec@1 87.661 Prec@5 99.597             Loss 0.68734
Epoch [146] Training Class Recall: [0.000,0.258,0.822,0.867,0.955,0.964,0.976,1.000]

Epoch: [147][0/10], lr: 0.01000	Loss 0.3833 (0.3833)	Prec@1 88.281 (88.281)	Prec@5 100.000 (100.000)
Epoch [147] Training Results: Prec@1 90.000 Prec@5 99.758             Loss 0.83066
Epoch [147] Training Class Recall: [0.000,0.452,0.816,0.943,0.969,0.942,0.976,1.000]

Epoch: [148][0/10], lr: 0.01000	Loss 0.4179 (0.4179)	Prec@1 84.375 (84.375)	Prec@5 100.000 (100.000)
Epoch [148] Training Results: Prec@1 85.565 Prec@5 99.677             Loss 0.70942
Epoch [148] Training Class Recall: [0.000,0.419,0.724,0.885,0.946,0.978,0.988,0.980]

Epoch: [149][0/10], lr: 0.01000	Loss 0.7290 (0.7290)	Prec@1 89.062 (89.062)	Prec@5 99.219 (99.219)
Epoch [149] Training Results: Prec@1 90.161 Prec@5 99.839             Loss 0.55590
Epoch [149] Training Class Recall: [0.000,0.194,0.853,0.943,0.951,0.942,0.976,1.000]

Epoch: [150][0/10], lr: 0.01000	Loss 1.3411 (1.3411)	Prec@1 88.281 (88.281)	Prec@5 100.000 (100.000)
Epoch [150] Training Results: Prec@1 87.661 Prec@5 99.677             Loss 0.78547
Epoch [150] Training Class Recall: [0.000,0.226,0.787,0.909,0.951,0.986,0.964,0.980]

Epoch: [151][0/10], lr: 0.01000	Loss 0.6908 (0.6908)	Prec@1 87.500 (87.500)	Prec@5 100.000 (100.000)
Epoch [151] Training Results: Prec@1 90.968 Prec@5 99.597             Loss 0.66178
Epoch [151] Training Class Recall: [0.000,0.452,0.840,0.927,0.973,0.986,0.988,1.000]

Epoch: [152][0/10], lr: 0.01000	Loss 0.7848 (0.7848)	Prec@1 89.844 (89.844)	Prec@5 99.219 (99.219)
Epoch [152] Training Results: Prec@1 88.629 Prec@5 99.758             Loss 0.73751
Epoch [152] Training Class Recall: [0.000,0.484,0.761,0.924,0.987,0.978,0.976,1.000]

Epoch: [153][0/10], lr: 0.01000	Loss 1.0327 (1.0327)	Prec@1 89.844 (89.844)	Prec@5 100.000 (100.000)
Epoch [153] Training Results: Prec@1 88.548 Prec@5 99.274             Loss 0.69049
Epoch [153] Training Class Recall: [0.000,0.355,0.803,0.888,0.978,0.986,0.988,0.980]

Epoch: [154][0/10], lr: 0.01000	Loss 0.8535 (0.8535)	Prec@1 93.750 (93.750)	Prec@5 100.000 (100.000)
Epoch [154] Training Results: Prec@1 91.452 Prec@5 99.758             Loss 0.74193
Epoch [154] Training Class Recall: [0.000,0.323,0.843,0.955,0.969,0.993,1.000,0.980]

Epoch: [155][0/10], lr: 0.01000	Loss 0.6135 (0.6135)	Prec@1 91.406 (91.406)	Prec@5 100.000 (100.000)
Epoch [155] Training Results: Prec@1 89.758 Prec@5 99.839             Loss 0.63860
Epoch [155] Training Class Recall: [0.000,0.452,0.808,0.924,0.973,0.971,0.988,1.000]

Epoch: [156][0/10], lr: 0.01000	Loss 0.8863 (0.8863)	Prec@1 89.062 (89.062)	Prec@5 99.219 (99.219)
Epoch [156] Training Results: Prec@1 90.161 Prec@5 99.758             Loss 0.78143
Epoch [156] Training Class Recall: [0.000,0.484,0.798,0.940,0.969,0.993,1.000,1.000]

Epoch: [157][0/10], lr: 0.01000	Loss 1.0447 (1.0447)	Prec@1 92.969 (92.969)	Prec@5 100.000 (100.000)
Epoch [157] Training Results: Prec@1 87.661 Prec@5 99.919             Loss 0.76162
Epoch [157] Training Class Recall: [0.000,0.419,0.764,0.906,0.955,0.978,1.000,1.000]

Epoch: [158][0/10], lr: 0.01000	Loss 0.9046 (0.9046)	Prec@1 89.062 (89.062)	Prec@5 99.219 (99.219)
Epoch [158] Training Results: Prec@1 89.435 Prec@5 99.758             Loss 0.74816
Epoch [158] Training Class Recall: [0.000,0.645,0.814,0.897,0.964,0.964,0.988,1.000]

Epoch: [159][0/10], lr: 0.01000	Loss 0.3156 (0.3156)	Prec@1 89.844 (89.844)	Prec@5 99.219 (99.219)
Epoch [159] Training Results: Prec@1 91.129 Prec@5 99.677             Loss 0.58136
Epoch [159] Training Class Recall: [0.000,0.323,0.861,0.921,0.982,0.964,1.000,1.000]

Epoch: [160][0/10], lr: 0.00010	Loss 0.7764 (0.7764)	Prec@1 90.625 (90.625)	Prec@5 100.000 (100.000)
Epoch [160] Training Results: Prec@1 91.290 Prec@5 99.677             Loss 0.80587
Epoch [160] Training Class Recall: [0.000,0.387,0.853,0.918,0.982,0.993,1.000,1.000]

Epoch: [161][0/10], lr: 0.00010	Loss 0.6222 (0.6222)	Prec@1 93.750 (93.750)	Prec@5 100.000 (100.000)
Epoch [161] Training Results: Prec@1 91.613 Prec@5 99.839             Loss 0.65375
Epoch [161] Training Class Recall: [0.000,0.516,0.861,0.903,0.987,1.000,1.000,1.000]

Epoch: [162][0/10], lr: 0.00010	Loss 0.7756 (0.7756)	Prec@1 92.188 (92.188)	Prec@5 100.000 (100.000)
Epoch [162] Training Results: Prec@1 92.016 Prec@5 99.758             Loss 0.84678
Epoch [162] Training Class Recall: [0.000,0.484,0.858,0.934,0.991,0.971,1.000,1.000]

Epoch: [163][0/10], lr: 0.00010	Loss 0.4407 (0.4407)	Prec@1 90.625 (90.625)	Prec@5 100.000 (100.000)
Epoch [163] Training Results: Prec@1 91.694 Prec@5 99.919             Loss 0.72614
Epoch [163] Training Class Recall: [0.000,0.419,0.871,0.906,0.987,0.993,1.000,1.000]

Epoch: [164][0/10], lr: 0.00010	Loss 1.0145 (1.0145)	Prec@1 85.938 (85.938)	Prec@5 99.219 (99.219)
Epoch [164] Training Results: Prec@1 91.129 Prec@5 99.919             Loss 0.73437
Epoch [164] Training Class Recall: [0.000,0.419,0.869,0.888,0.987,0.993,1.000,1.000]

Epoch: [165][0/10], lr: 0.00010	Loss 1.0664 (1.0664)	Prec@1 91.406 (91.406)	Prec@5 100.000 (100.000)
Epoch [165] Training Results: Prec@1 92.258 Prec@5 99.839             Loss 0.84134
Epoch [165] Training Class Recall: [0.000,0.484,0.877,0.915,0.991,0.986,1.000,1.000]

Epoch: [166][0/10], lr: 0.00010	Loss 0.6007 (0.6007)	Prec@1 96.094 (96.094)	Prec@5 100.000 (100.000)
Epoch [166] Training Results: Prec@1 92.258 Prec@5 99.919             Loss 0.67176
Epoch [166] Training Class Recall: [0.000,0.484,0.874,0.921,0.991,0.978,1.000,1.000]

Epoch: [167][0/10], lr: 0.00010	Loss 0.4160 (0.4160)	Prec@1 92.188 (92.188)	Prec@5 100.000 (100.000)
Epoch [167] Training Results: Prec@1 92.661 Prec@5 99.839             Loss 0.62786
Epoch [167] Training Class Recall: [0.000,0.484,0.874,0.931,0.991,0.993,1.000,1.000]

Epoch: [168][0/10], lr: 0.00010	Loss 0.8432 (0.8432)	Prec@1 92.188 (92.188)	Prec@5 99.219 (99.219)
Epoch [168] Training Results: Prec@1 91.613 Prec@5 99.919             Loss 0.72988
Epoch [168] Training Class Recall: [0.000,0.355,0.853,0.931,0.991,0.993,0.988,1.000]

Epoch: [169][0/10], lr: 0.00010	Loss 0.8846 (0.8846)	Prec@1 90.625 (90.625)	Prec@5 100.000 (100.000)
Epoch [169] Training Results: Prec@1 92.742 Prec@5 99.758             Loss 0.57820
Epoch [169] Training Class Recall: [0.000,0.645,0.853,0.946,0.987,0.993,1.000,1.000]

Epoch: [170][0/10], lr: 0.00010	Loss 0.8921 (0.8921)	Prec@1 94.531 (94.531)	Prec@5 100.000 (100.000)
Epoch [170] Training Results: Prec@1 93.306 Prec@5 99.919             Loss 0.90916
Epoch [170] Training Class Recall: [0.000,0.484,0.879,0.949,0.996,0.986,1.000,1.000]

Epoch: [171][0/10], lr: 0.00010	Loss 0.8987 (0.8987)	Prec@1 89.844 (89.844)	Prec@5 100.000 (100.000)
Epoch [171] Training Results: Prec@1 92.984 Prec@5 99.839             Loss 0.68764
Epoch [171] Training Class Recall: [0.000,0.387,0.882,0.943,0.991,1.000,0.988,1.000]

Epoch: [172][0/10], lr: 0.00010	Loss 0.4916 (0.4916)	Prec@1 89.844 (89.844)	Prec@5 100.000 (100.000)
Epoch [172] Training Results: Prec@1 92.016 Prec@5 99.919             Loss 0.65275
Epoch [172] Training Class Recall: [0.000,0.387,0.850,0.940,0.991,1.000,1.000,1.000]

Epoch: [173][0/10], lr: 0.00010	Loss 0.7328 (0.7328)	Prec@1 90.625 (90.625)	Prec@5 100.000 (100.000)
Epoch [173] Training Results: Prec@1 92.661 Prec@5 99.839             Loss 0.70068
Epoch [173] Training Class Recall: [0.000,0.548,0.861,0.949,0.991,0.971,1.000,1.000]

Epoch: [174][0/10], lr: 0.00010	Loss 0.8012 (0.8012)	Prec@1 95.312 (95.312)	Prec@5 100.000 (100.000)
Epoch [174] Training Results: Prec@1 92.984 Prec@5 99.839             Loss 0.67670
Epoch [174] Training Class Recall: [0.000,0.548,0.866,0.943,0.991,1.000,1.000,1.000]

Epoch: [175][0/10], lr: 0.00010	Loss 0.8171 (0.8171)	Prec@1 95.312 (95.312)	Prec@5 100.000 (100.000)
Epoch [175] Training Results: Prec@1 94.194 Prec@5 99.919             Loss 0.73758
Epoch [175] Training Class Recall: [0.000,0.613,0.892,0.955,0.987,1.000,1.000,1.000]

Epoch: [176][0/10], lr: 0.00010	Loss 0.2345 (0.2345)	Prec@1 92.969 (92.969)	Prec@5 100.000 (100.000)
Epoch [176] Training Results: Prec@1 92.984 Prec@5 99.839             Loss 0.73611
Epoch [176] Training Class Recall: [0.000,0.387,0.871,0.949,1.000,0.993,1.000,1.000]

Epoch: [177][0/10], lr: 0.00010	Loss 0.7175 (0.7175)	Prec@1 86.719 (86.719)	Prec@5 99.219 (99.219)
Epoch [177] Training Results: Prec@1 92.339 Prec@5 99.839             Loss 0.68715
Epoch [177] Training Class Recall: [0.000,0.548,0.837,0.952,0.991,1.000,1.000,1.000]

Epoch: [178][0/10], lr: 0.00010	Loss 1.1055 (1.1055)	Prec@1 96.094 (96.094)	Prec@5 100.000 (100.000)
Epoch [178] Training Results: Prec@1 93.145 Prec@5 99.919             Loss 0.68573
Epoch [178] Training Class Recall: [0.000,0.484,0.879,0.943,0.991,0.993,1.000,1.000]

Epoch: [179][0/10], lr: 0.00010	Loss 0.7187 (0.7187)	Prec@1 96.094 (96.094)	Prec@5 99.219 (99.219)
Epoch [179] Training Results: Prec@1 93.145 Prec@5 99.839             Loss 0.68523
Epoch [179] Training Class Recall: [0.000,0.548,0.869,0.958,0.982,0.986,1.000,1.000]

Epoch: [180][0/10], lr: 0.00000	Loss 0.9048 (0.9048)	Prec@1 92.969 (92.969)	Prec@5 99.219 (99.219)
Epoch [180] Training Results: Prec@1 93.710 Prec@5 99.839             Loss 0.79478
Epoch [180] Training Class Recall: [0.000,0.645,0.866,0.970,0.987,0.993,0.988,1.000]

Epoch: [181][0/10], lr: 0.00000	Loss 0.8669 (0.8669)	Prec@1 96.094 (96.094)	Prec@5 100.000 (100.000)
Epoch [181] Training Results: Prec@1 92.419 Prec@5 99.919             Loss 0.69065
Epoch [181] Training Class Recall: [0.000,0.452,0.850,0.946,0.996,1.000,1.000,1.000]

Epoch: [182][0/10], lr: 0.00000	Loss 0.5088 (0.5088)	Prec@1 86.719 (86.719)	Prec@5 100.000 (100.000)
Epoch [182] Training Results: Prec@1 92.742 Prec@5 99.919             Loss 0.70195
Epoch [182] Training Class Recall: [0.000,0.452,0.892,0.918,0.987,0.993,1.000,1.000]

Epoch: [183][0/10], lr: 0.00000	Loss 0.7348 (0.7348)	Prec@1 92.969 (92.969)	Prec@5 100.000 (100.000)
Epoch [183] Training Results: Prec@1 93.387 Prec@5 99.839             Loss 0.61047
Epoch [183] Training Class Recall: [0.000,0.419,0.892,0.943,0.991,0.993,1.000,1.000]

Epoch: [184][0/10], lr: 0.00000	Loss 0.3084 (0.3084)	Prec@1 95.312 (95.312)	Prec@5 100.000 (100.000)
Epoch [184] Training Results: Prec@1 93.710 Prec@5 99.758             Loss 0.61356
Epoch [184] Training Class Recall: [0.000,0.516,0.887,0.946,1.000,0.993,1.000,1.000]

Epoch: [185][0/10], lr: 0.00000	Loss 0.4869 (0.4869)	Prec@1 95.312 (95.312)	Prec@5 100.000 (100.000)
Epoch [185] Training Results: Prec@1 92.823 Prec@5 99.839             Loss 0.63388
Epoch [185] Training Class Recall: [0.000,0.516,0.879,0.937,0.978,0.993,1.000,1.000]

Epoch: [186][0/10], lr: 0.00000	Loss 0.6887 (0.6887)	Prec@1 91.406 (91.406)	Prec@5 100.000 (100.000)
Epoch [186] Training Results: Prec@1 92.419 Prec@5 99.839             Loss 0.71156
Epoch [186] Training Class Recall: [0.000,0.387,0.871,0.937,0.987,0.993,1.000,1.000]

Epoch: [187][0/10], lr: 0.00000	Loss 0.5131 (0.5131)	Prec@1 89.844 (89.844)	Prec@5 100.000 (100.000)
Epoch [187] Training Results: Prec@1 92.258 Prec@5 99.919             Loss 0.72102
Epoch [187] Training Class Recall: [0.000,0.355,0.861,0.943,0.987,1.000,1.000,1.000]

Epoch: [188][0/10], lr: 0.00000	Loss 0.6252 (0.6252)	Prec@1 85.938 (85.938)	Prec@5 100.000 (100.000)
Epoch [188] Training Results: Prec@1 92.500 Prec@5 99.839             Loss 0.78617
Epoch [188] Training Class Recall: [0.000,0.484,0.869,0.934,0.987,0.993,1.000,1.000]

Epoch: [189][0/10], lr: 0.00000	Loss 0.7236 (0.7236)	Prec@1 91.406 (91.406)	Prec@5 100.000 (100.000)
Epoch [189] Training Results: Prec@1 93.710 Prec@5 99.919             Loss 0.66413
Epoch [189] Training Class Recall: [0.000,0.355,0.898,0.955,0.991,1.000,0.988,1.000]

Epoch: [190][0/10], lr: 0.00000	Loss 0.8567 (0.8567)	Prec@1 92.969 (92.969)	Prec@5 99.219 (99.219)
Epoch [190] Training Results: Prec@1 93.871 Prec@5 99.839             Loss 0.73046
Epoch [190] Training Class Recall: [0.000,0.484,0.885,0.958,0.996,1.000,1.000,1.000]

Epoch: [191][0/10], lr: 0.00000	Loss 0.4558 (0.4558)	Prec@1 92.969 (92.969)	Prec@5 100.000 (100.000)
Epoch [191] Training Results: Prec@1 92.984 Prec@5 99.839             Loss 0.66663
Epoch [191] Training Class Recall: [0.000,0.419,0.877,0.952,0.991,0.978,1.000,1.000]

Epoch: [192][0/10], lr: 0.00000	Loss 0.7083 (0.7083)	Prec@1 92.969 (92.969)	Prec@5 100.000 (100.000)
Epoch [192] Training Results: Prec@1 92.984 Prec@5 99.919             Loss 0.74346
Epoch [192] Training Class Recall: [0.000,0.581,0.864,0.946,0.991,0.993,1.000,1.000]

Epoch: [193][0/10], lr: 0.00000	Loss 0.3679 (0.3679)	Prec@1 92.969 (92.969)	Prec@5 100.000 (100.000)
Epoch [193] Training Results: Prec@1 92.177 Prec@5 99.839             Loss 0.70092
Epoch [193] Training Class Recall: [0.000,0.484,0.858,0.931,0.987,1.000,1.000,1.000]

Epoch: [194][0/10], lr: 0.00000	Loss 0.8994 (0.8994)	Prec@1 91.406 (91.406)	Prec@5 100.000 (100.000)
Epoch [194] Training Results: Prec@1 93.548 Prec@5 99.919             Loss 0.76692
Epoch [194] Training Class Recall: [0.000,0.484,0.887,0.955,0.987,0.986,1.000,1.000]

Epoch: [195][0/10], lr: 0.00000	Loss 0.5396 (0.5396)	Prec@1 94.531 (94.531)	Prec@5 100.000 (100.000)
Epoch [195] Training Results: Prec@1 94.194 Prec@5 99.919             Loss 0.61374
Epoch [195] Training Class Recall: [0.000,0.581,0.911,0.940,0.996,0.978,1.000,1.000]

Epoch: [196][0/10], lr: 0.00000	Loss 0.6299 (0.6299)	Prec@1 91.406 (91.406)	Prec@5 100.000 (100.000)
Epoch [196] Training Results: Prec@1 93.468 Prec@5 99.758             Loss 0.62682
Epoch [196] Training Class Recall: [0.000,0.581,0.877,0.952,0.982,1.000,1.000,1.000]

Epoch: [197][0/10], lr: 0.00000	Loss 0.7724 (0.7724)	Prec@1 89.844 (89.844)	Prec@5 100.000 (100.000)
Epoch [197] Training Results: Prec@1 93.226 Prec@5 99.839             Loss 0.71051
Epoch [197] Training Class Recall: [0.000,0.581,0.879,0.940,0.982,1.000,1.000,1.000]

Epoch: [198][0/10], lr: 0.00000	Loss 0.8946 (0.8946)	Prec@1 93.750 (93.750)	Prec@5 99.219 (99.219)
Epoch [198] Training Results: Prec@1 92.903 Prec@5 99.839             Loss 0.75439
Epoch [198] Training Class Recall: [0.000,0.484,0.877,0.946,0.987,0.978,1.000,1.000]

Epoch: [199][0/10], lr: 0.00000	Loss 0.7696 (0.7696)	Prec@1 91.406 (91.406)	Prec@5 100.000 (100.000)
Epoch [199] Training Results: Prec@1 92.903 Prec@5 99.919             Loss 0.69555
Epoch [199] Training Class Recall: [0.000,0.452,0.882,0.946,0.978,0.986,1.000,1.000]

