Epoch: [0][0/49], lr: 0.00200	Loss 3.0463 (3.0463)	Prec@1 7.031 (7.031)	Prec@5 26.562 (26.562)
Epoch: [0][10/49], lr: 0.00200	Loss 2.4107 (2.1540)	Prec@1 33.594 (34.375)	Prec@5 85.938 (82.812)
Epoch: [0][20/49], lr: 0.00200	Loss 1.6296 (1.9636)	Prec@1 42.969 (36.868)	Prec@5 96.094 (87.351)
Epoch: [0][30/49], lr: 0.00200	Loss 1.5534 (1.8581)	Prec@1 41.406 (38.533)	Prec@5 90.625 (89.062)
Epoch: [0][40/49], lr: 0.00200	Loss 1.5163 (1.7723)	Prec@1 46.875 (41.063)	Prec@5 96.094 (90.263)
Epoch [0] Training Results: Prec@1 42.479 Prec@5 90.521             Loss 1.73119
Epoch [0] Training Class Recall: [0.729,0.411,0.198,0.003,0.077,0.000,0.000,0.000,0.000,0.000]

Epoch: [1][0/49], lr: 0.00400	Loss 1.1262 (1.1262)	Prec@1 61.719 (61.719)	Prec@5 96.875 (96.875)
Epoch: [1][10/49], lr: 0.00400	Loss 1.7280 (1.5392)	Prec@1 41.406 (48.793)	Prec@5 90.625 (92.898)
Epoch: [1][20/49], lr: 0.00400	Loss 1.4390 (1.5809)	Prec@1 52.344 (46.540)	Prec@5 97.656 (92.969)
Epoch: [1][30/49], lr: 0.00400	Loss 1.3263 (1.5260)	Prec@1 53.125 (48.690)	Prec@5 94.531 (93.170)
Epoch: [1][40/49], lr: 0.00400	Loss 1.5678 (1.5277)	Prec@1 51.562 (48.171)	Prec@5 92.188 (93.426)
Epoch [1] Training Results: Prec@1 48.541 Prec@5 92.955             Loss 1.53584
Epoch [1] Training Class Recall: [0.694,0.601,0.346,0.106,0.056,0.000,0.000,0.000,0.000,0.000]

Epoch: [2][0/49], lr: 0.00600	Loss 1.4337 (1.4337)	Prec@1 56.250 (56.250)	Prec@5 89.844 (89.844)
Epoch: [2][10/49], lr: 0.00600	Loss 1.5595 (1.4613)	Prec@1 49.219 (51.918)	Prec@5 89.844 (92.116)
Epoch: [2][20/49], lr: 0.00600	Loss 1.5839 (1.4455)	Prec@1 43.750 (51.265)	Prec@5 90.625 (93.043)
Epoch: [2][30/49], lr: 0.00600	Loss 1.4536 (1.4309)	Prec@1 53.125 (52.898)	Prec@5 94.531 (92.893)
Epoch: [2][40/49], lr: 0.00600	Loss 1.6565 (1.4096)	Prec@1 50.781 (54.440)	Prec@5 92.188 (93.121)
Epoch [2] Training Results: Prec@1 54.071 Prec@5 93.326             Loss 1.42017
Epoch [2] Training Class Recall: [0.805,0.630,0.403,0.087,0.000,0.000,0.000,0.000,0.000,0.000]

Epoch: [3][0/49], lr: 0.00800	Loss 1.5955 (1.5955)	Prec@1 56.250 (56.250)	Prec@5 92.188 (92.188)
Epoch: [3][10/49], lr: 0.00800	Loss 1.4900 (1.5261)	Prec@1 53.906 (48.793)	Prec@5 90.625 (93.111)
Epoch: [3][20/49], lr: 0.00800	Loss 1.2034 (1.4677)	Prec@1 57.812 (52.121)	Prec@5 91.406 (92.969)
Epoch: [3][30/49], lr: 0.00800	Loss 1.3267 (1.4137)	Prec@1 60.156 (54.234)	Prec@5 94.531 (93.574)
Epoch: [3][40/49], lr: 0.00800	Loss 1.1772 (1.3806)	Prec@1 64.844 (56.079)	Prec@5 92.188 (93.960)
Epoch [3] Training Results: Prec@1 56.295 Prec@5 93.987             Loss 1.37303
Epoch [3] Training Class Recall: [0.791,0.717,0.442,0.106,0.000,0.000,0.000,0.000,0.000,0.000]

Epoch: [4][0/49], lr: 0.01000	Loss 1.3562 (1.3562)	Prec@1 54.688 (54.688)	Prec@5 94.531 (94.531)
Epoch: [4][10/49], lr: 0.01000	Loss 1.1749 (1.3455)	Prec@1 62.500 (61.861)	Prec@5 95.312 (93.821)
Epoch: [4][20/49], lr: 0.01000	Loss 1.0618 (1.3182)	Prec@1 72.656 (61.458)	Prec@5 96.875 (94.196)
Epoch: [4][30/49], lr: 0.01000	Loss 1.3333 (1.3270)	Prec@1 56.250 (61.366)	Prec@5 90.625 (94.002)
Epoch: [4][40/49], lr: 0.01000	Loss 1.2527 (1.3088)	Prec@1 53.906 (60.880)	Prec@5 95.312 (94.112)
Epoch [4] Training Results: Prec@1 60.987 Prec@5 94.293             Loss 1.31323
Epoch [4] Training Class Recall: [0.845,0.767,0.450,0.234,0.000,0.000,0.000,0.000,0.000,0.000]

Epoch: [5][0/49], lr: 0.01000	Loss 1.3678 (1.3678)	Prec@1 56.250 (56.250)	Prec@5 96.094 (96.094)
Epoch: [5][10/49], lr: 0.01000	Loss 1.4520 (1.3106)	Prec@1 56.250 (60.440)	Prec@5 93.750 (93.821)
Epoch: [5][20/49], lr: 0.01000	Loss 1.3055 (1.3053)	Prec@1 57.812 (61.533)	Prec@5 92.188 (94.159)
Epoch: [5][30/49], lr: 0.01000	Loss 1.3164 (1.2933)	Prec@1 63.281 (62.097)	Prec@5 95.312 (94.304)
Epoch: [5][40/49], lr: 0.01000	Loss 1.2438 (1.2831)	Prec@1 63.281 (62.652)	Prec@5 94.531 (94.360)
Epoch [5] Training Results: Prec@1 62.921 Prec@5 94.325             Loss 1.27121
Epoch [5] Training Class Recall: [0.867,0.796,0.424,0.310,0.000,0.000,0.000,0.000,0.000,0.000]

Epoch: [6][0/49], lr: 0.01000	Loss 1.1142 (1.1142)	Prec@1 59.375 (59.375)	Prec@5 94.531 (94.531)
Epoch: [6][10/49], lr: 0.01000	Loss 1.3350 (1.2704)	Prec@1 63.281 (63.991)	Prec@5 97.656 (94.815)
Epoch: [6][20/49], lr: 0.01000	Loss 1.3425 (1.2801)	Prec@1 69.531 (63.802)	Prec@5 93.750 (94.792)
Epoch: [6][30/49], lr: 0.01000	Loss 0.9741 (1.2504)	Prec@1 64.844 (64.138)	Prec@5 94.531 (94.682)
Epoch: [6][40/49], lr: 0.01000	Loss 1.2576 (1.2428)	Prec@1 60.938 (64.653)	Prec@5 93.750 (94.798)
Epoch [6] Training Results: Prec@1 64.469 Prec@5 94.825             Loss 1.24703
Epoch [6] Training Class Recall: [0.875,0.816,0.444,0.358,0.000,0.000,0.000,0.000,0.000,0.000]

Epoch: [7][0/49], lr: 0.01000	Loss 1.3044 (1.3044)	Prec@1 71.094 (71.094)	Prec@5 93.750 (93.750)
Epoch: [7][10/49], lr: 0.01000	Loss 1.4707 (1.2384)	Prec@1 68.750 (67.259)	Prec@5 89.062 (94.318)
Epoch: [7][20/49], lr: 0.01000	Loss 1.4663 (1.2731)	Prec@1 60.156 (65.699)	Prec@5 89.844 (94.196)
Epoch: [7][30/49], lr: 0.01000	Loss 1.5017 (1.2647)	Prec@1 57.812 (65.827)	Prec@5 90.625 (94.607)
Epoch: [7][40/49], lr: 0.01000	Loss 1.2562 (1.2632)	Prec@1 60.938 (66.311)	Prec@5 96.875 (94.665)
Epoch [7] Training Results: Prec@1 66.194 Prec@5 94.599             Loss 1.26234
Epoch [7] Training Class Recall: [0.882,0.845,0.457,0.422,0.000,0.000,0.000,0.000,0.000,0.000]

Epoch: [8][0/49], lr: 0.01000	Loss 1.1112 (1.1112)	Prec@1 71.875 (71.875)	Prec@5 96.875 (96.875)
Epoch: [8][10/49], lr: 0.01000	Loss 1.3382 (1.1831)	Prec@1 64.844 (67.756)	Prec@5 96.094 (96.307)
Epoch: [8][20/49], lr: 0.01000	Loss 1.1767 (1.2168)	Prec@1 67.188 (67.560)	Prec@5 95.312 (95.164)
Epoch: [8][30/49], lr: 0.01000	Loss 1.2997 (1.2324)	Prec@1 63.281 (67.389)	Prec@5 92.969 (95.186)
Epoch: [8][40/49], lr: 0.01000	Loss 1.4161 (1.2405)	Prec@1 60.938 (67.302)	Prec@5 96.875 (95.141)
Epoch [8] Training Results: Prec@1 67.016 Prec@5 94.986             Loss 1.24450
Epoch [8] Training Class Recall: [0.897,0.847,0.474,0.413,0.000,0.000,0.000,0.000,0.000,0.000]

Epoch: [9][0/49], lr: 0.01000	Loss 1.3588 (1.3588)	Prec@1 67.969 (67.969)	Prec@5 93.750 (93.750)
Epoch: [9][10/49], lr: 0.01000	Loss 1.3856 (1.2706)	Prec@1 67.188 (67.898)	Prec@5 95.312 (94.673)
Epoch: [9][20/49], lr: 0.01000	Loss 1.0450 (1.2812)	Prec@1 72.656 (66.109)	Prec@5 96.094 (94.420)
Epoch: [9][30/49], lr: 0.01000	Loss 1.0992 (1.2564)	Prec@1 71.094 (66.784)	Prec@5 98.438 (94.934)
Epoch: [9][40/49], lr: 0.01000	Loss 1.2976 (1.2487)	Prec@1 64.844 (67.149)	Prec@5 91.406 (94.874)
Epoch [9] Training Results: Prec@1 67.564 Prec@5 94.970             Loss 1.23179
Epoch [9] Training Class Recall: [0.897,0.861,0.459,0.452,0.009,0.000,0.000,0.000,0.000,0.000]

Epoch: [10][0/49], lr: 0.01000	Loss 1.4637 (1.4637)	Prec@1 66.406 (66.406)	Prec@5 92.188 (92.188)
Epoch: [10][10/49], lr: 0.01000	Loss 1.0989 (1.2744)	Prec@1 71.094 (67.045)	Prec@5 93.750 (94.673)
Epoch: [10][20/49], lr: 0.01000	Loss 1.4325 (1.2200)	Prec@1 66.406 (67.969)	Prec@5 98.438 (95.015)
Epoch: [10][30/49], lr: 0.01000	Loss 1.2162 (1.2301)	Prec@1 72.656 (68.322)	Prec@5 96.875 (95.287)
Epoch: [10][40/49], lr: 0.01000	Loss 1.4359 (1.2379)	Prec@1 65.625 (68.331)	Prec@5 92.969 (95.084)
Epoch [10] Training Results: Prec@1 68.306 Prec@5 95.164             Loss 1.22811
Epoch [10] Training Class Recall: [0.903,0.869,0.456,0.467,0.046,0.000,0.000,0.000,0.000,0.000]

Epoch: [11][0/49], lr: 0.01000	Loss 0.9709 (0.9709)	Prec@1 73.438 (73.438)	Prec@5 96.875 (96.875)
Epoch: [11][10/49], lr: 0.01000	Loss 0.9361 (1.1351)	Prec@1 70.312 (69.957)	Prec@5 97.656 (96.307)
Epoch: [11][20/49], lr: 0.01000	Loss 0.9597 (1.1555)	Prec@1 74.219 (70.833)	Prec@5 96.875 (95.833)
Epoch: [11][30/49], lr: 0.01000	Loss 1.3531 (1.1702)	Prec@1 67.188 (69.682)	Prec@5 94.531 (95.892)
Epoch: [11][40/49], lr: 0.01000	Loss 1.4878 (1.1929)	Prec@1 62.500 (69.055)	Prec@5 92.969 (95.770)
Epoch [11] Training Results: Prec@1 69.079 Prec@5 95.808             Loss 1.18951
Epoch [11] Training Class Recall: [0.902,0.889,0.457,0.509,0.040,0.000,0.000,0.000,0.000,0.000]

Epoch: [12][0/49], lr: 0.01000	Loss 1.4360 (1.4360)	Prec@1 64.062 (64.062)	Prec@5 92.969 (92.969)
Epoch: [12][10/49], lr: 0.01000	Loss 1.1999 (1.2627)	Prec@1 70.312 (68.040)	Prec@5 96.875 (95.384)
Epoch: [12][20/49], lr: 0.01000	Loss 1.0087 (1.2488)	Prec@1 75.000 (68.973)	Prec@5 96.094 (95.461)
Epoch: [12][30/49], lr: 0.01000	Loss 1.2866 (1.2406)	Prec@1 70.312 (69.657)	Prec@5 97.656 (95.842)
Epoch: [12][40/49], lr: 0.01000	Loss 1.0972 (1.2226)	Prec@1 72.656 (69.493)	Prec@5 94.531 (95.636)
Epoch [12] Training Results: Prec@1 69.499 Prec@5 95.631             Loss 1.22483
Epoch [12] Training Class Recall: [0.919,0.887,0.455,0.471,0.068,0.000,0.000,0.000,0.000,0.000]

Epoch: [13][0/49], lr: 0.01000	Loss 1.4509 (1.4509)	Prec@1 61.719 (61.719)	Prec@5 95.312 (95.312)
Epoch: [13][10/49], lr: 0.01000	Loss 1.2733 (1.2562)	Prec@1 78.906 (68.466)	Prec@5 96.875 (95.455)
Epoch: [13][20/49], lr: 0.01000	Loss 1.3166 (1.2393)	Prec@1 69.531 (68.899)	Prec@5 95.312 (95.424)
Epoch: [13][30/49], lr: 0.01000	Loss 1.2737 (1.2152)	Prec@1 70.312 (70.060)	Prec@5 96.094 (95.716)
Epoch: [13][40/49], lr: 0.01000	Loss 1.2206 (1.2226)	Prec@1 75.000 (69.322)	Prec@5 96.875 (95.541)
Epoch [13] Training Results: Prec@1 69.192 Prec@5 95.551             Loss 1.22993
Epoch [13] Training Class Recall: [0.911,0.877,0.485,0.483,0.019,0.000,0.000,0.000,0.000,0.000]

Epoch: [14][0/49], lr: 0.01000	Loss 1.0276 (1.0276)	Prec@1 74.219 (74.219)	Prec@5 96.094 (96.094)
Epoch: [14][10/49], lr: 0.01000	Loss 1.0065 (1.0830)	Prec@1 66.406 (69.886)	Prec@5 94.531 (95.810)
Epoch: [14][20/49], lr: 0.01000	Loss 1.3382 (1.1670)	Prec@1 64.062 (69.382)	Prec@5 97.656 (95.685)
Epoch: [14][30/49], lr: 0.01000	Loss 1.2122 (1.2013)	Prec@1 68.750 (68.926)	Prec@5 96.875 (95.842)
Epoch: [14][40/49], lr: 0.01000	Loss 1.2849 (1.1967)	Prec@1 77.344 (69.226)	Prec@5 94.531 (95.808)
Epoch [14] Training Results: Prec@1 69.402 Prec@5 95.792             Loss 1.19899
Epoch [14] Training Class Recall: [0.903,0.865,0.490,0.538,0.065,0.000,0.000,0.000,0.000,0.000]

Epoch: [15][0/49], lr: 0.01000	Loss 1.0531 (1.0531)	Prec@1 78.906 (78.906)	Prec@5 95.312 (95.312)
Epoch: [15][10/49], lr: 0.01000	Loss 1.3330 (1.0867)	Prec@1 72.656 (71.733)	Prec@5 97.656 (96.094)
Epoch: [15][20/49], lr: 0.01000	Loss 1.1623 (1.0964)	Prec@1 69.531 (71.949)	Prec@5 96.094 (96.540)
Epoch: [15][30/49], lr: 0.01000	Loss 1.3311 (1.1033)	Prec@1 70.312 (72.228)	Prec@5 90.625 (96.295)
Epoch: [15][40/49], lr: 0.01000	Loss 1.3397 (1.1188)	Prec@1 62.500 (71.875)	Prec@5 96.094 (96.284)
Epoch [15] Training Results: Prec@1 71.901 Prec@5 96.212             Loss 1.13276
Epoch [15] Training Class Recall: [0.920,0.914,0.509,0.545,0.117,0.000,0.009,0.000,0.000,0.000]

Epoch: [16][0/49], lr: 0.01000	Loss 1.3592 (1.3592)	Prec@1 66.406 (66.406)	Prec@5 95.312 (95.312)
Epoch: [16][10/49], lr: 0.01000	Loss 0.9803 (1.1371)	Prec@1 71.094 (71.520)	Prec@5 97.656 (95.739)
Epoch: [16][20/49], lr: 0.01000	Loss 0.9587 (1.1439)	Prec@1 74.219 (71.243)	Prec@5 95.312 (96.317)
Epoch: [16][30/49], lr: 0.01000	Loss 1.1954 (1.1425)	Prec@1 73.438 (72.303)	Prec@5 96.875 (96.472)
Epoch: [16][40/49], lr: 0.01000	Loss 0.9045 (1.1623)	Prec@1 74.219 (71.837)	Prec@5 96.875 (96.170)
Epoch [16] Training Results: Prec@1 71.997 Prec@5 96.212             Loss 1.15851
Epoch [16] Training Class Recall: [0.920,0.912,0.527,0.514,0.148,0.000,0.019,0.000,0.000,0.000]

Epoch: [17][0/49], lr: 0.01000	Loss 1.0662 (1.0662)	Prec@1 71.875 (71.875)	Prec@5 96.875 (96.875)
Epoch: [17][10/49], lr: 0.01000	Loss 1.0492 (1.1409)	Prec@1 75.781 (73.438)	Prec@5 97.656 (96.307)
Epoch: [17][20/49], lr: 0.01000	Loss 1.3315 (1.1556)	Prec@1 71.094 (72.396)	Prec@5 96.875 (96.540)
Epoch: [17][30/49], lr: 0.01000	Loss 1.0350 (1.1543)	Prec@1 71.875 (72.228)	Prec@5 97.656 (96.371)
Epoch: [17][40/49], lr: 0.01000	Loss 1.2478 (1.1413)	Prec@1 69.531 (72.085)	Prec@5 93.750 (96.208)
Epoch [17] Training Results: Prec@1 72.223 Prec@5 96.276             Loss 1.14845
Epoch [17] Training Class Recall: [0.922,0.913,0.503,0.538,0.198,0.000,0.009,0.000,0.000,0.000]

Epoch: [18][0/49], lr: 0.01000	Loss 1.0558 (1.0558)	Prec@1 78.906 (78.906)	Prec@5 99.219 (99.219)
Epoch: [18][10/49], lr: 0.01000	Loss 1.2986 (1.1929)	Prec@1 74.219 (72.301)	Prec@5 96.094 (97.088)
Epoch: [18][20/49], lr: 0.01000	Loss 1.3475 (1.1824)	Prec@1 68.750 (72.359)	Prec@5 96.094 (96.726)
Epoch: [18][30/49], lr: 0.01000	Loss 0.9052 (1.1985)	Prec@1 76.562 (72.102)	Prec@5 95.312 (96.018)
Epoch: [18][40/49], lr: 0.01000	Loss 1.2168 (1.1749)	Prec@1 73.438 (72.466)	Prec@5 97.656 (96.170)
Epoch [18] Training Results: Prec@1 72.707 Prec@5 96.195             Loss 1.18058
Epoch [18] Training Class Recall: [0.926,0.908,0.543,0.521,0.201,0.000,0.019,0.000,0.000,0.000]

Epoch: [19][0/49], lr: 0.01000	Loss 1.1400 (1.1400)	Prec@1 73.438 (73.438)	Prec@5 96.094 (96.094)
Epoch: [19][10/49], lr: 0.01000	Loss 1.0808 (1.1202)	Prec@1 74.219 (73.793)	Prec@5 96.875 (96.733)
Epoch: [19][20/49], lr: 0.01000	Loss 1.1553 (1.0889)	Prec@1 70.312 (74.405)	Prec@5 93.750 (96.801)
Epoch: [19][30/49], lr: 0.01000	Loss 1.2520 (1.1060)	Prec@1 71.094 (73.790)	Prec@5 98.438 (96.648)
Epoch: [19][40/49], lr: 0.01000	Loss 1.1540 (1.1279)	Prec@1 77.344 (73.514)	Prec@5 98.438 (96.551)
Epoch [19] Training Results: Prec@1 73.545 Prec@5 96.437             Loss 1.12765
Epoch [19] Training Class Recall: [0.932,0.933,0.517,0.557,0.198,0.000,0.038,0.000,0.000,0.000]

Epoch: [20][0/49], lr: 0.01000	Loss 1.2389 (1.2389)	Prec@1 71.875 (71.875)	Prec@5 97.656 (97.656)
Epoch: [20][10/49], lr: 0.01000	Loss 1.0951 (1.1512)	Prec@1 80.469 (75.000)	Prec@5 99.219 (96.946)
Epoch: [20][20/49], lr: 0.01000	Loss 1.0926 (1.1234)	Prec@1 77.344 (74.554)	Prec@5 97.656 (96.801)
Epoch: [20][30/49], lr: 0.01000	Loss 1.0198 (1.1410)	Prec@1 77.344 (74.269)	Prec@5 96.094 (96.699)
Epoch: [20][40/49], lr: 0.01000	Loss 0.8661 (1.1414)	Prec@1 71.094 (74.104)	Prec@5 96.875 (96.532)
Epoch [20] Training Results: Prec@1 73.851 Prec@5 96.598             Loss 1.13078
Epoch [20] Training Class Recall: [0.926,0.930,0.537,0.552,0.244,0.000,0.123,0.000,0.000,0.000]

Epoch: [21][0/49], lr: 0.01000	Loss 1.1893 (1.1893)	Prec@1 78.125 (78.125)	Prec@5 97.656 (97.656)
Epoch: [21][10/49], lr: 0.01000	Loss 1.0831 (1.1333)	Prec@1 82.031 (75.355)	Prec@5 97.656 (97.159)
Epoch: [21][20/49], lr: 0.01000	Loss 1.1007 (1.1356)	Prec@1 78.125 (74.033)	Prec@5 96.875 (96.763)
Epoch: [21][30/49], lr: 0.01000	Loss 1.0735 (1.1274)	Prec@1 75.000 (74.370)	Prec@5 99.219 (96.951)
Epoch: [21][40/49], lr: 0.01000	Loss 1.1983 (1.1272)	Prec@1 80.469 (74.238)	Prec@5 95.312 (96.627)
Epoch [21] Training Results: Prec@1 74.303 Prec@5 96.582             Loss 1.12131
Epoch [21] Training Class Recall: [0.938,0.933,0.537,0.542,0.259,0.000,0.066,0.000,0.000,0.000]

Epoch: [22][0/49], lr: 0.01000	Loss 1.2270 (1.2270)	Prec@1 72.656 (72.656)	Prec@5 96.094 (96.094)
Epoch: [22][10/49], lr: 0.01000	Loss 1.1269 (1.0805)	Prec@1 83.594 (76.776)	Prec@5 98.438 (96.946)
Epoch: [22][20/49], lr: 0.01000	Loss 1.2558 (1.1000)	Prec@1 77.344 (76.265)	Prec@5 96.094 (96.577)
Epoch: [22][30/49], lr: 0.01000	Loss 1.1113 (1.0764)	Prec@1 76.562 (75.580)	Prec@5 97.656 (96.598)
Epoch: [22][40/49], lr: 0.01000	Loss 1.1564 (1.0798)	Prec@1 78.906 (75.476)	Prec@5 96.875 (96.780)
Epoch [22] Training Results: Prec@1 75.141 Prec@5 96.679             Loss 1.09620
Epoch [22] Training Class Recall: [0.935,0.938,0.545,0.552,0.355,0.011,0.132,0.000,0.000,0.000]

Epoch: [23][0/49], lr: 0.01000	Loss 1.3033 (1.3033)	Prec@1 75.781 (75.781)	Prec@5 92.969 (92.969)
Epoch: [23][10/49], lr: 0.01000	Loss 0.7319 (1.0888)	Prec@1 78.906 (75.852)	Prec@5 98.438 (96.804)
Epoch: [23][20/49], lr: 0.01000	Loss 0.6563 (1.0413)	Prec@1 78.906 (76.042)	Prec@5 99.219 (97.024)
Epoch: [23][30/49], lr: 0.01000	Loss 1.0167 (1.0234)	Prec@1 73.438 (76.386)	Prec@5 96.875 (96.825)
Epoch: [23][40/49], lr: 0.01000	Loss 1.0384 (1.0465)	Prec@1 80.469 (76.372)	Prec@5 100.000 (97.066)
Epoch [23] Training Results: Prec@1 75.931 Prec@5 97.050             Loss 1.06161
Epoch [23] Training Class Recall: [0.936,0.938,0.570,0.588,0.364,0.005,0.142,0.014,0.000,0.000]

Epoch: [24][0/49], lr: 0.01000	Loss 1.0899 (1.0899)	Prec@1 78.906 (78.906)	Prec@5 97.656 (97.656)
Epoch: [24][10/49], lr: 0.01000	Loss 1.1177 (1.0437)	Prec@1 75.781 (76.918)	Prec@5 96.875 (97.372)
Epoch: [24][20/49], lr: 0.01000	Loss 1.2979 (1.1098)	Prec@1 75.781 (76.004)	Prec@5 95.312 (97.321)
Epoch: [24][30/49], lr: 0.01000	Loss 1.2178 (1.1187)	Prec@1 82.031 (75.756)	Prec@5 98.438 (97.228)
Epoch: [24][40/49], lr: 0.01000	Loss 1.1873 (1.1100)	Prec@1 75.000 (76.048)	Prec@5 94.531 (96.913)
Epoch [24] Training Results: Prec@1 75.915 Prec@5 96.872             Loss 1.11777
Epoch [24] Training Class Recall: [0.936,0.931,0.578,0.600,0.324,0.005,0.217,0.000,0.000,0.000]

Epoch: [25][0/49], lr: 0.01000	Loss 1.2167 (1.2167)	Prec@1 73.438 (73.438)	Prec@5 94.531 (94.531)
Epoch: [25][10/49], lr: 0.01000	Loss 1.3181 (1.2014)	Prec@1 77.344 (74.858)	Prec@5 96.094 (96.094)
Epoch: [25][20/49], lr: 0.01000	Loss 1.2622 (1.1928)	Prec@1 78.125 (75.744)	Prec@5 96.094 (96.763)
Epoch: [25][30/49], lr: 0.01000	Loss 1.1426 (1.1400)	Prec@1 81.250 (76.764)	Prec@5 98.438 (96.875)
Epoch: [25][40/49], lr: 0.01000	Loss 1.0917 (1.1510)	Prec@1 71.875 (76.315)	Prec@5 96.094 (96.646)
Epoch [25] Training Results: Prec@1 76.399 Prec@5 96.792             Loss 1.13645
Epoch [25] Training Class Recall: [0.944,0.940,0.567,0.576,0.417,0.000,0.142,0.000,0.000,0.000]

Epoch: [26][0/49], lr: 0.01000	Loss 0.8879 (0.8879)	Prec@1 75.000 (75.000)	Prec@5 98.438 (98.438)
Epoch: [26][10/49], lr: 0.01000	Loss 0.7377 (0.9897)	Prec@1 84.375 (78.764)	Prec@5 98.438 (97.514)
Epoch: [26][20/49], lr: 0.01000	Loss 1.0242 (1.0023)	Prec@1 78.906 (77.604)	Prec@5 96.094 (96.875)
Epoch: [26][30/49], lr: 0.01000	Loss 1.2224 (1.0221)	Prec@1 73.438 (77.369)	Prec@5 97.656 (97.152)
Epoch: [26][40/49], lr: 0.01000	Loss 0.8517 (1.0327)	Prec@1 76.562 (76.715)	Prec@5 96.094 (97.237)
Epoch [26] Training Results: Prec@1 76.560 Prec@5 97.324             Loss 1.04780
Epoch [26] Training Class Recall: [0.938,0.948,0.584,0.548,0.454,0.005,0.142,0.014,0.000,0.000]

Epoch: [27][0/49], lr: 0.01000	Loss 0.8427 (0.8427)	Prec@1 83.594 (83.594)	Prec@5 96.094 (96.094)
Epoch: [27][10/49], lr: 0.01000	Loss 1.3693 (1.0555)	Prec@1 72.656 (77.415)	Prec@5 96.875 (97.940)
Epoch: [27][20/49], lr: 0.01000	Loss 1.0739 (1.0929)	Prec@1 85.156 (77.493)	Prec@5 99.219 (97.396)
Epoch: [27][30/49], lr: 0.01000	Loss 1.1685 (1.1155)	Prec@1 79.688 (77.016)	Prec@5 97.656 (97.203)
Epoch: [27][40/49], lr: 0.01000	Loss 1.0616 (1.1044)	Prec@1 75.781 (77.210)	Prec@5 97.656 (97.294)
Epoch [27] Training Results: Prec@1 77.188 Prec@5 97.276             Loss 1.09448
Epoch [27] Training Class Recall: [0.944,0.941,0.604,0.578,0.481,0.005,0.075,0.000,0.000,0.000]

Epoch: [28][0/49], lr: 0.01000	Loss 0.7603 (0.7603)	Prec@1 80.469 (80.469)	Prec@5 99.219 (99.219)
Epoch: [28][10/49], lr: 0.01000	Loss 0.9126 (1.1043)	Prec@1 82.812 (78.977)	Prec@5 96.094 (96.946)
Epoch: [28][20/49], lr: 0.01000	Loss 1.1014 (1.0819)	Prec@1 83.594 (77.455)	Prec@5 98.438 (97.173)
Epoch: [28][30/49], lr: 0.01000	Loss 1.0934 (1.0463)	Prec@1 82.031 (77.873)	Prec@5 98.438 (97.505)
Epoch: [28][40/49], lr: 0.01000	Loss 1.1538 (1.0495)	Prec@1 84.375 (77.858)	Prec@5 98.438 (97.752)
Epoch [28] Training Results: Prec@1 78.091 Prec@5 97.727             Loss 1.04297
Epoch [28] Training Class Recall: [0.943,0.956,0.622,0.581,0.472,0.026,0.208,0.028,0.000,0.000]

Epoch: [29][0/49], lr: 0.01000	Loss 0.9795 (0.9795)	Prec@1 79.688 (79.688)	Prec@5 97.656 (97.656)
Epoch: [29][10/49], lr: 0.01000	Loss 1.1038 (1.0956)	Prec@1 77.344 (78.835)	Prec@5 98.438 (97.585)
Epoch: [29][20/49], lr: 0.01000	Loss 0.9318 (1.0039)	Prec@1 80.469 (79.167)	Prec@5 98.438 (97.545)
Epoch: [29][30/49], lr: 0.01000	Loss 0.9233 (1.0402)	Prec@1 78.906 (78.175)	Prec@5 98.438 (97.732)
Epoch: [29][40/49], lr: 0.01000	Loss 1.0336 (1.0501)	Prec@1 75.781 (77.668)	Prec@5 96.875 (97.599)
Epoch [29] Training Results: Prec@1 77.914 Prec@5 97.421             Loss 1.03146
Epoch [29] Training Class Recall: [0.934,0.954,0.633,0.614,0.438,0.026,0.189,0.014,0.000,0.000]

Epoch: [30][0/49], lr: 0.01000	Loss 0.9696 (0.9696)	Prec@1 77.344 (77.344)	Prec@5 96.094 (96.094)
Epoch: [30][10/49], lr: 0.01000	Loss 0.9602 (1.0998)	Prec@1 71.094 (78.622)	Prec@5 96.094 (97.585)
Epoch: [30][20/49], lr: 0.01000	Loss 0.8740 (1.0480)	Prec@1 80.469 (79.278)	Prec@5 100.000 (97.842)
Epoch: [30][30/49], lr: 0.01000	Loss 1.3537 (1.0212)	Prec@1 74.219 (78.705)	Prec@5 97.656 (97.631)
Epoch: [30][40/49], lr: 0.01000	Loss 1.1420 (1.0446)	Prec@1 73.438 (78.296)	Prec@5 96.094 (97.618)
Epoch [30] Training Results: Prec@1 78.446 Prec@5 97.630             Loss 1.03905
Epoch [30] Training Class Recall: [0.939,0.952,0.639,0.611,0.472,0.063,0.226,0.014,0.000,0.000]

Epoch: [31][0/49], lr: 0.01000	Loss 1.1278 (1.1278)	Prec@1 75.000 (75.000)	Prec@5 96.875 (96.875)
Epoch: [31][10/49], lr: 0.01000	Loss 1.2295 (1.0517)	Prec@1 77.344 (79.048)	Prec@5 99.219 (97.940)
Epoch: [31][20/49], lr: 0.01000	Loss 0.7865 (1.0087)	Prec@1 87.500 (79.650)	Prec@5 99.219 (98.103)
Epoch: [31][30/49], lr: 0.01000	Loss 0.8441 (1.0285)	Prec@1 73.438 (79.612)	Prec@5 97.656 (98.185)
Epoch: [31][40/49], lr: 0.01000	Loss 0.8554 (1.0252)	Prec@1 82.031 (79.306)	Prec@5 97.656 (98.018)
Epoch [31] Training Results: Prec@1 79.091 Prec@5 97.888             Loss 1.04172
Epoch [31] Training Class Recall: [0.946,0.944,0.661,0.625,0.475,0.063,0.208,0.113,0.000,0.000]

Epoch: [32][0/49], lr: 0.01000	Loss 1.0812 (1.0812)	Prec@1 85.156 (85.156)	Prec@5 96.094 (96.094)
Epoch: [32][10/49], lr: 0.01000	Loss 1.0728 (1.0742)	Prec@1 82.812 (78.551)	Prec@5 97.656 (97.869)
Epoch: [32][20/49], lr: 0.01000	Loss 0.7542 (1.0373)	Prec@1 86.719 (79.688)	Prec@5 100.000 (98.065)
Epoch: [32][30/49], lr: 0.01000	Loss 0.6841 (1.0190)	Prec@1 80.469 (79.234)	Prec@5 99.219 (98.059)
Epoch: [32][40/49], lr: 0.01000	Loss 1.1740 (1.0393)	Prec@1 79.688 (79.287)	Prec@5 98.438 (98.228)
Epoch [32] Training Results: Prec@1 79.187 Prec@5 98.211             Loss 1.03580
Epoch [32] Training Class Recall: [0.939,0.960,0.651,0.599,0.531,0.085,0.236,0.085,0.000,0.000]

Epoch: [33][0/49], lr: 0.01000	Loss 0.8274 (0.8274)	Prec@1 76.562 (76.562)	Prec@5 96.875 (96.875)
Epoch: [33][10/49], lr: 0.01000	Loss 1.0319 (1.0532)	Prec@1 82.812 (78.906)	Prec@5 96.875 (97.940)
Epoch: [33][20/49], lr: 0.01000	Loss 0.9183 (1.0365)	Prec@1 79.688 (80.208)	Prec@5 98.438 (98.065)
Epoch: [33][30/49], lr: 0.01000	Loss 0.9567 (1.0372)	Prec@1 80.469 (79.435)	Prec@5 98.438 (97.858)
Epoch: [33][40/49], lr: 0.01000	Loss 1.0296 (1.0596)	Prec@1 82.812 (79.897)	Prec@5 100.000 (97.847)
Epoch [33] Training Results: Prec@1 80.058 Prec@5 97.679             Loss 1.04666
Epoch [33] Training Class Recall: [0.951,0.958,0.684,0.602,0.494,0.111,0.255,0.099,0.000,0.000]

Epoch: [34][0/49], lr: 0.01000	Loss 0.7641 (0.7641)	Prec@1 80.469 (80.469)	Prec@5 98.438 (98.438)
Epoch: [34][10/49], lr: 0.01000	Loss 1.2412 (0.9718)	Prec@1 82.812 (80.824)	Prec@5 100.000 (98.580)
Epoch: [34][20/49], lr: 0.01000	Loss 1.1249 (1.0313)	Prec@1 80.469 (79.762)	Prec@5 100.000 (98.475)
Epoch: [34][30/49], lr: 0.01000	Loss 1.1197 (0.9866)	Prec@1 78.125 (80.292)	Prec@5 97.656 (98.564)
Epoch: [34][40/49], lr: 0.01000	Loss 1.3479 (1.0092)	Prec@1 76.562 (80.507)	Prec@5 96.875 (98.418)
Epoch [34] Training Results: Prec@1 80.590 Prec@5 98.340             Loss 1.01812
Epoch [34] Training Class Recall: [0.955,0.963,0.661,0.612,0.552,0.169,0.302,0.042,0.000,0.000]

Epoch: [35][0/49], lr: 0.01000	Loss 0.8644 (0.8644)	Prec@1 80.469 (80.469)	Prec@5 100.000 (100.000)
Epoch: [35][10/49], lr: 0.01000	Loss 0.9371 (0.9603)	Prec@1 82.812 (81.463)	Prec@5 98.438 (98.011)
Epoch: [35][20/49], lr: 0.01000	Loss 0.9047 (0.9893)	Prec@1 82.031 (81.845)	Prec@5 98.438 (98.028)
Epoch: [35][30/49], lr: 0.01000	Loss 1.2669 (1.0044)	Prec@1 79.688 (81.502)	Prec@5 94.531 (97.933)
Epoch: [35][40/49], lr: 0.01000	Loss 1.0426 (1.0177)	Prec@1 81.250 (81.307)	Prec@5 98.438 (97.923)
Epoch [35] Training Results: Prec@1 80.880 Prec@5 98.033             Loss 1.01352
Epoch [35] Training Class Recall: [0.952,0.957,0.667,0.659,0.559,0.169,0.274,0.099,0.000,0.000]

Epoch: [36][0/49], lr: 0.01000	Loss 0.8340 (0.8340)	Prec@1 71.875 (71.875)	Prec@5 98.438 (98.438)
Epoch: [36][10/49], lr: 0.01000	Loss 1.2140 (1.0993)	Prec@1 76.562 (79.616)	Prec@5 96.875 (98.580)
Epoch: [36][20/49], lr: 0.01000	Loss 0.6058 (1.0528)	Prec@1 84.375 (79.353)	Prec@5 98.438 (98.363)
Epoch: [36][30/49], lr: 0.01000	Loss 0.7435 (1.0335)	Prec@1 83.594 (79.713)	Prec@5 100.000 (98.337)
Epoch: [36][40/49], lr: 0.01000	Loss 1.1552 (1.0408)	Prec@1 82.031 (80.107)	Prec@5 98.438 (98.323)
Epoch [36] Training Results: Prec@1 80.284 Prec@5 98.372             Loss 1.04512
Epoch [36] Training Class Recall: [0.947,0.956,0.690,0.626,0.503,0.132,0.264,0.099,0.000,0.000]

Epoch: [37][0/49], lr: 0.01000	Loss 0.7528 (0.7528)	Prec@1 85.156 (85.156)	Prec@5 98.438 (98.438)
Epoch: [37][10/49], lr: 0.01000	Loss 0.6405 (0.9319)	Prec@1 81.250 (83.381)	Prec@5 98.438 (98.935)
Epoch: [37][20/49], lr: 0.01000	Loss 1.0107 (0.9558)	Prec@1 75.781 (83.445)	Prec@5 97.656 (98.549)
Epoch: [37][30/49], lr: 0.01000	Loss 0.9886 (0.9650)	Prec@1 78.125 (82.787)	Prec@5 97.656 (98.261)
Epoch: [37][40/49], lr: 0.01000	Loss 0.9042 (0.9533)	Prec@1 84.375 (83.098)	Prec@5 99.219 (98.304)
Epoch [37] Training Results: Prec@1 82.831 Prec@5 98.323             Loss 0.95540
Epoch [37] Training Class Recall: [0.960,0.964,0.725,0.676,0.596,0.206,0.292,0.183,0.000,0.036]

Epoch: [38][0/49], lr: 0.01000	Loss 0.9892 (0.9892)	Prec@1 78.125 (78.125)	Prec@5 100.000 (100.000)
Epoch: [38][10/49], lr: 0.01000	Loss 1.3470 (1.0078)	Prec@1 77.344 (83.310)	Prec@5 99.219 (98.864)
Epoch: [38][20/49], lr: 0.01000	Loss 1.4109 (1.0363)	Prec@1 74.219 (82.626)	Prec@5 98.438 (98.438)
Epoch: [38][30/49], lr: 0.01000	Loss 0.7263 (1.0205)	Prec@1 83.594 (82.056)	Prec@5 99.219 (98.337)
Epoch: [38][40/49], lr: 0.01000	Loss 0.9025 (1.0142)	Prec@1 85.156 (82.317)	Prec@5 99.219 (98.495)
Epoch [38] Training Results: Prec@1 81.896 Prec@5 98.452             Loss 1.01857
Epoch [38] Training Class Recall: [0.954,0.962,0.700,0.680,0.549,0.196,0.349,0.070,0.000,0.000]

Epoch: [39][0/49], lr: 0.01000	Loss 1.0190 (1.0190)	Prec@1 75.781 (75.781)	Prec@5 98.438 (98.438)
Epoch: [39][10/49], lr: 0.01000	Loss 0.9452 (1.0115)	Prec@1 84.375 (80.185)	Prec@5 99.219 (98.509)
Epoch: [39][20/49], lr: 0.01000	Loss 1.0192 (0.9813)	Prec@1 80.469 (81.064)	Prec@5 98.438 (98.438)
Epoch: [39][30/49], lr: 0.01000	Loss 1.1367 (1.0008)	Prec@1 82.812 (80.973)	Prec@5 99.219 (98.614)
Epoch: [39][40/49], lr: 0.01000	Loss 0.6558 (0.9925)	Prec@1 80.469 (81.136)	Prec@5 98.438 (98.476)
Epoch [39] Training Results: Prec@1 81.396 Prec@5 98.485             Loss 0.98836
Epoch [39] Training Class Recall: [0.946,0.965,0.712,0.631,0.522,0.222,0.330,0.169,0.000,0.071]

Epoch: [40][0/49], lr: 0.01000	Loss 1.0104 (1.0104)	Prec@1 82.812 (82.812)	Prec@5 97.656 (97.656)
Epoch: [40][10/49], lr: 0.01000	Loss 1.1862 (0.9770)	Prec@1 85.156 (80.895)	Prec@5 99.219 (98.722)
Epoch: [40][20/49], lr: 0.01000	Loss 1.0994 (0.9899)	Prec@1 82.812 (81.138)	Prec@5 99.219 (98.549)
Epoch: [40][30/49], lr: 0.01000	Loss 1.1099 (1.0125)	Prec@1 85.156 (81.149)	Prec@5 100.000 (98.463)
Epoch: [40][40/49], lr: 0.01000	Loss 1.2180 (1.0002)	Prec@1 81.250 (81.479)	Prec@5 99.219 (98.476)
Epoch [40] Training Results: Prec@1 81.622 Prec@5 98.581             Loss 0.99573
Epoch [40] Training Class Recall: [0.950,0.963,0.715,0.649,0.540,0.138,0.368,0.197,0.023,0.000]

Epoch: [41][0/49], lr: 0.01000	Loss 0.7903 (0.7903)	Prec@1 79.688 (79.688)	Prec@5 98.438 (98.438)
Epoch: [41][10/49], lr: 0.01000	Loss 1.2024 (0.9937)	Prec@1 82.031 (83.026)	Prec@5 97.656 (98.864)
Epoch: [41][20/49], lr: 0.01000	Loss 0.6558 (1.0013)	Prec@1 78.906 (82.366)	Prec@5 99.219 (98.512)
Epoch: [41][30/49], lr: 0.01000	Loss 1.2570 (0.9967)	Prec@1 82.812 (82.712)	Prec@5 99.219 (98.639)
Epoch: [41][40/49], lr: 0.01000	Loss 0.8033 (0.9646)	Prec@1 82.031 (82.851)	Prec@5 97.656 (98.647)
Epoch [41] Training Results: Prec@1 82.960 Prec@5 98.775             Loss 0.95902
Epoch [41] Training Class Recall: [0.955,0.969,0.727,0.670,0.657,0.159,0.340,0.183,0.000,0.071]

Epoch: [42][0/49], lr: 0.01000	Loss 0.6536 (0.6536)	Prec@1 89.062 (89.062)	Prec@5 99.219 (99.219)
Epoch: [42][10/49], lr: 0.01000	Loss 0.8153 (0.9199)	Prec@1 80.469 (83.949)	Prec@5 98.438 (99.219)
Epoch: [42][20/49], lr: 0.01000	Loss 0.9798 (0.9354)	Prec@1 79.688 (82.924)	Prec@5 99.219 (99.182)
Epoch: [42][30/49], lr: 0.01000	Loss 1.0829 (0.9566)	Prec@1 85.156 (82.712)	Prec@5 98.438 (98.790)
Epoch: [42][40/49], lr: 0.01000	Loss 0.6709 (0.9305)	Prec@1 83.594 (83.117)	Prec@5 98.438 (98.761)
Epoch [42] Training Results: Prec@1 82.783 Prec@5 98.694             Loss 0.92389
Epoch [42] Training Class Recall: [0.948,0.962,0.707,0.721,0.608,0.217,0.387,0.225,0.023,0.036]

Epoch: [43][0/49], lr: 0.01000	Loss 1.2177 (1.2177)	Prec@1 77.344 (77.344)	Prec@5 98.438 (98.438)
Epoch: [43][10/49], lr: 0.01000	Loss 0.7365 (0.9433)	Prec@1 85.938 (83.097)	Prec@5 99.219 (99.006)
Epoch: [43][20/49], lr: 0.01000	Loss 1.0796 (0.9472)	Prec@1 81.250 (83.073)	Prec@5 100.000 (99.033)
Epoch: [43][30/49], lr: 0.01000	Loss 1.1659 (0.9661)	Prec@1 85.938 (83.115)	Prec@5 99.219 (98.967)
Epoch: [43][40/49], lr: 0.01000	Loss 0.4702 (0.9487)	Prec@1 85.156 (82.679)	Prec@5 99.219 (98.933)
Epoch [43] Training Results: Prec@1 83.218 Prec@5 98.888             Loss 0.94854
Epoch [43] Training Class Recall: [0.944,0.965,0.737,0.690,0.639,0.265,0.377,0.282,0.045,0.107]

Epoch: [44][0/49], lr: 0.01000	Loss 0.9753 (0.9753)	Prec@1 86.719 (86.719)	Prec@5 97.656 (97.656)
Epoch: [44][10/49], lr: 0.01000	Loss 1.2091 (0.9686)	Prec@1 80.469 (84.091)	Prec@5 97.656 (98.438)
Epoch: [44][20/49], lr: 0.01000	Loss 1.1365 (0.9622)	Prec@1 81.250 (83.705)	Prec@5 96.875 (98.475)
Epoch: [44][30/49], lr: 0.01000	Loss 0.9829 (0.9644)	Prec@1 82.812 (83.392)	Prec@5 99.219 (98.614)
Epoch: [44][40/49], lr: 0.01000	Loss 0.9707 (0.9571)	Prec@1 78.125 (83.556)	Prec@5 99.219 (98.647)
Epoch [44] Training Results: Prec@1 83.427 Prec@5 98.517             Loss 0.95481
Epoch [44] Training Class Recall: [0.945,0.967,0.748,0.656,0.654,0.312,0.368,0.282,0.114,0.179]

Epoch: [45][0/49], lr: 0.01000	Loss 0.5199 (0.5199)	Prec@1 87.500 (87.500)	Prec@5 99.219 (99.219)
Epoch: [45][10/49], lr: 0.01000	Loss 1.0667 (0.9673)	Prec@1 86.719 (84.730)	Prec@5 100.000 (99.148)
Epoch: [45][20/49], lr: 0.01000	Loss 0.9231 (0.9577)	Prec@1 82.812 (84.003)	Prec@5 99.219 (98.810)
Epoch: [45][30/49], lr: 0.01000	Loss 0.9326 (0.9607)	Prec@1 88.281 (84.249)	Prec@5 99.219 (98.765)
Epoch: [45][40/49], lr: 0.01000	Loss 0.5392 (0.9565)	Prec@1 87.500 (84.146)	Prec@5 98.438 (98.742)
Epoch [45] Training Results: Prec@1 84.282 Prec@5 98.743             Loss 0.95271
Epoch [45] Training Class Recall: [0.956,0.965,0.718,0.720,0.636,0.370,0.462,0.324,0.136,0.179]

Epoch: [46][0/49], lr: 0.01000	Loss 0.9613 (0.9613)	Prec@1 85.156 (85.156)	Prec@5 100.000 (100.000)
Epoch: [46][10/49], lr: 0.01000	Loss 1.1615 (0.9162)	Prec@1 82.812 (86.080)	Prec@5 100.000 (99.432)
Epoch: [46][20/49], lr: 0.01000	Loss 0.8903 (0.9420)	Prec@1 82.812 (85.826)	Prec@5 100.000 (99.442)
Epoch: [46][30/49], lr: 0.01000	Loss 1.2229 (0.9528)	Prec@1 82.031 (85.131)	Prec@5 98.438 (99.194)
Epoch: [46][40/49], lr: 0.01000	Loss 1.0684 (0.9567)	Prec@1 83.594 (84.623)	Prec@5 98.438 (99.066)
Epoch [46] Training Results: Prec@1 84.749 Prec@5 99.000             Loss 0.95153
Epoch [46] Training Class Recall: [0.955,0.970,0.757,0.725,0.645,0.328,0.406,0.282,0.182,0.107]

Epoch: [47][0/49], lr: 0.01000	Loss 0.8683 (0.8683)	Prec@1 85.156 (85.156)	Prec@5 99.219 (99.219)
Epoch: [47][10/49], lr: 0.01000	Loss 0.6945 (0.9978)	Prec@1 87.500 (85.938)	Prec@5 99.219 (98.793)
Epoch: [47][20/49], lr: 0.01000	Loss 1.0360 (0.9493)	Prec@1 85.156 (85.417)	Prec@5 99.219 (99.107)
Epoch: [47][30/49], lr: 0.01000	Loss 1.0190 (0.9427)	Prec@1 78.906 (85.030)	Prec@5 98.438 (99.068)
Epoch: [47][40/49], lr: 0.01000	Loss 1.1876 (0.9364)	Prec@1 89.062 (85.842)	Prec@5 99.219 (99.047)
Epoch [47] Training Results: Prec@1 85.620 Prec@5 99.033             Loss 0.93633
Epoch [47] Training Class Recall: [0.956,0.974,0.786,0.723,0.685,0.323,0.368,0.408,0.227,0.179]

Epoch: [48][0/49], lr: 0.01000	Loss 0.7756 (0.7756)	Prec@1 87.500 (87.500)	Prec@5 97.656 (97.656)
Epoch: [48][10/49], lr: 0.01000	Loss 1.0976 (0.9284)	Prec@1 85.156 (85.724)	Prec@5 99.219 (99.006)
Epoch: [48][20/49], lr: 0.01000	Loss 0.5820 (0.8803)	Prec@1 81.250 (85.826)	Prec@5 99.219 (99.033)
Epoch: [48][30/49], lr: 0.01000	Loss 0.7733 (0.9041)	Prec@1 80.469 (85.030)	Prec@5 100.000 (99.042)
Epoch: [48][40/49], lr: 0.01000	Loss 0.4996 (0.8910)	Prec@1 86.719 (85.137)	Prec@5 99.219 (98.952)
Epoch [48] Training Results: Prec@1 85.265 Prec@5 98.936             Loss 0.88359
Epoch [48] Training Class Recall: [0.962,0.962,0.750,0.718,0.676,0.354,0.434,0.394,0.273,0.286]

Epoch: [49][0/49], lr: 0.01000	Loss 0.9431 (0.9431)	Prec@1 92.188 (92.188)	Prec@5 99.219 (99.219)
Epoch: [49][10/49], lr: 0.01000	Loss 0.8814 (0.9570)	Prec@1 79.688 (85.014)	Prec@5 98.438 (99.290)
Epoch: [49][20/49], lr: 0.01000	Loss 1.0365 (0.9535)	Prec@1 83.594 (84.449)	Prec@5 99.219 (99.144)
Epoch: [49][30/49], lr: 0.01000	Loss 1.1765 (0.9727)	Prec@1 89.844 (84.299)	Prec@5 99.219 (98.992)
Epoch: [49][40/49], lr: 0.01000	Loss 0.7271 (0.9522)	Prec@1 82.031 (84.546)	Prec@5 99.219 (98.971)
Epoch [49] Training Results: Prec@1 84.878 Prec@5 99.017             Loss 0.96139
Epoch [49] Training Class Recall: [0.952,0.965,0.755,0.687,0.698,0.370,0.443,0.423,0.250,0.286]

Epoch: [50][0/49], lr: 0.01000	Loss 0.5851 (0.5851)	Prec@1 83.594 (83.594)	Prec@5 99.219 (99.219)
Epoch: [50][10/49], lr: 0.01000	Loss 0.9625 (0.8563)	Prec@1 82.812 (86.364)	Prec@5 98.438 (99.290)
Epoch: [50][20/49], lr: 0.01000	Loss 1.2157 (0.9135)	Prec@1 83.594 (86.458)	Prec@5 98.438 (99.033)
Epoch: [50][30/49], lr: 0.01000	Loss 1.0178 (0.9420)	Prec@1 82.812 (86.139)	Prec@5 100.000 (99.244)
Epoch: [50][40/49], lr: 0.01000	Loss 0.8660 (0.9464)	Prec@1 83.594 (85.861)	Prec@5 98.438 (99.162)
Epoch [50] Training Results: Prec@1 85.829 Prec@5 99.146             Loss 0.94866
Epoch [50] Training Class Recall: [0.961,0.968,0.771,0.725,0.682,0.339,0.472,0.394,0.364,0.321]

Epoch: [51][0/49], lr: 0.01000	Loss 0.4010 (0.4010)	Prec@1 92.969 (92.969)	Prec@5 98.438 (98.438)
Epoch: [51][10/49], lr: 0.01000	Loss 1.1469 (0.9228)	Prec@1 92.188 (86.648)	Prec@5 99.219 (99.219)
Epoch: [51][20/49], lr: 0.01000	Loss 1.1242 (0.9745)	Prec@1 83.594 (86.644)	Prec@5 96.094 (99.070)
Epoch: [51][30/49], lr: 0.01000	Loss 1.1265 (0.9555)	Prec@1 83.594 (86.366)	Prec@5 98.438 (99.118)
Epoch: [51][40/49], lr: 0.01000	Loss 0.6717 (0.9410)	Prec@1 88.281 (86.471)	Prec@5 100.000 (99.200)
Epoch [51] Training Results: Prec@1 86.184 Prec@5 99.194             Loss 0.93077
Epoch [51] Training Class Recall: [0.958,0.969,0.761,0.756,0.722,0.423,0.406,0.352,0.318,0.393]

Epoch: [52][0/49], lr: 0.01000	Loss 0.5377 (0.5377)	Prec@1 85.156 (85.156)	Prec@5 100.000 (100.000)
Epoch: [52][10/49], lr: 0.01000	Loss 0.9877 (0.9721)	Prec@1 85.156 (87.642)	Prec@5 99.219 (99.361)
Epoch: [52][20/49], lr: 0.01000	Loss 0.4852 (0.9150)	Prec@1 85.156 (86.644)	Prec@5 100.000 (99.293)
Epoch: [52][30/49], lr: 0.01000	Loss 1.1643 (0.9045)	Prec@1 85.938 (86.845)	Prec@5 99.219 (99.194)
Epoch: [52][40/49], lr: 0.01000	Loss 1.1233 (0.9346)	Prec@1 85.156 (86.128)	Prec@5 100.000 (99.181)
Epoch [52] Training Results: Prec@1 86.426 Prec@5 99.210             Loss 0.94937
Epoch [52] Training Class Recall: [0.957,0.964,0.788,0.739,0.698,0.418,0.472,0.479,0.386,0.393]

Epoch: [53][0/49], lr: 0.01000	Loss 0.9498 (0.9498)	Prec@1 82.031 (82.031)	Prec@5 100.000 (100.000)
Epoch: [53][10/49], lr: 0.01000	Loss 1.0844 (0.9240)	Prec@1 82.812 (85.795)	Prec@5 98.438 (99.290)
Epoch: [53][20/49], lr: 0.01000	Loss 1.1415 (0.9519)	Prec@1 89.062 (86.049)	Prec@5 99.219 (99.293)
Epoch: [53][30/49], lr: 0.01000	Loss 1.0036 (0.9692)	Prec@1 94.531 (86.391)	Prec@5 100.000 (99.269)
Epoch: [53][40/49], lr: 0.01000	Loss 1.1386 (0.9739)	Prec@1 86.719 (86.204)	Prec@5 96.875 (99.219)
Epoch [53] Training Results: Prec@1 86.587 Prec@5 99.226             Loss 0.95411
Epoch [53] Training Class Recall: [0.958,0.961,0.812,0.739,0.741,0.302,0.491,0.437,0.455,0.286]

Epoch: [54][0/49], lr: 0.01000	Loss 0.7221 (0.7221)	Prec@1 87.500 (87.500)	Prec@5 100.000 (100.000)
Epoch: [54][10/49], lr: 0.01000	Loss 0.9306 (0.9537)	Prec@1 90.625 (87.358)	Prec@5 98.438 (99.006)
Epoch: [54][20/49], lr: 0.01000	Loss 1.2352 (0.9739)	Prec@1 82.031 (87.463)	Prec@5 99.219 (99.182)
Epoch: [54][30/49], lr: 0.01000	Loss 0.9719 (0.9663)	Prec@1 89.844 (87.374)	Prec@5 99.219 (99.219)
Epoch: [54][40/49], lr: 0.01000	Loss 1.1042 (0.9339)	Prec@1 85.938 (87.252)	Prec@5 99.219 (99.143)
Epoch [54] Training Results: Prec@1 86.942 Prec@5 99.178             Loss 0.91735
Epoch [54] Training Class Recall: [0.963,0.970,0.785,0.740,0.778,0.360,0.472,0.465,0.364,0.286]

Epoch: [55][0/49], lr: 0.01000	Loss 1.0555 (1.0555)	Prec@1 89.062 (89.062)	Prec@5 98.438 (98.438)
Epoch: [55][10/49], lr: 0.01000	Loss 1.0449 (0.9532)	Prec@1 88.281 (87.429)	Prec@5 99.219 (98.722)
Epoch: [55][20/49], lr: 0.01000	Loss 1.0936 (0.9673)	Prec@1 89.844 (86.905)	Prec@5 100.000 (98.996)
Epoch: [55][30/49], lr: 0.01000	Loss 1.1539 (0.9812)	Prec@1 89.844 (86.946)	Prec@5 99.219 (99.143)
Epoch: [55][40/49], lr: 0.01000	Loss 0.5318 (0.9480)	Prec@1 85.938 (86.776)	Prec@5 98.438 (99.181)
Epoch [55] Training Results: Prec@1 86.329 Prec@5 99.226             Loss 0.95302
Epoch [55] Training Class Recall: [0.961,0.971,0.800,0.732,0.694,0.317,0.443,0.366,0.432,0.321]

Epoch: [56][0/49], lr: 0.01000	Loss 0.5657 (0.5657)	Prec@1 85.938 (85.938)	Prec@5 98.438 (98.438)
Epoch: [56][10/49], lr: 0.01000	Loss 0.5593 (0.9593)	Prec@1 86.719 (86.932)	Prec@5 99.219 (99.148)
Epoch: [56][20/49], lr: 0.01000	Loss 0.8545 (0.9418)	Prec@1 87.500 (87.165)	Prec@5 99.219 (99.368)
Epoch: [56][30/49], lr: 0.01000	Loss 1.0097 (0.8649)	Prec@1 92.969 (87.576)	Prec@5 100.000 (99.370)
Epoch: [56][40/49], lr: 0.01000	Loss 0.6377 (0.9118)	Prec@1 83.594 (87.138)	Prec@5 97.656 (99.295)
Epoch [56] Training Results: Prec@1 86.845 Prec@5 99.162             Loss 0.92632
Epoch [56] Training Class Recall: [0.959,0.968,0.794,0.756,0.719,0.423,0.425,0.423,0.455,0.357]

Epoch: [57][0/49], lr: 0.01000	Loss 1.0039 (1.0039)	Prec@1 89.844 (89.844)	Prec@5 100.000 (100.000)
Epoch: [57][10/49], lr: 0.01000	Loss 1.0857 (0.9729)	Prec@1 86.719 (87.713)	Prec@5 100.000 (99.219)
Epoch: [57][20/49], lr: 0.01000	Loss 1.2624 (0.9733)	Prec@1 78.125 (87.016)	Prec@5 98.438 (99.219)
Epoch: [57][30/49], lr: 0.01000	Loss 1.2097 (0.9333)	Prec@1 85.938 (86.794)	Prec@5 98.438 (99.219)
Epoch: [57][40/49], lr: 0.01000	Loss 1.1179 (0.9202)	Prec@1 91.406 (87.176)	Prec@5 99.219 (99.257)
Epoch [57] Training Results: Prec@1 87.022 Prec@5 99.275             Loss 0.93389
Epoch [57] Training Class Recall: [0.966,0.969,0.796,0.734,0.725,0.429,0.443,0.479,0.364,0.321]

Epoch: [58][0/49], lr: 0.01000	Loss 0.6537 (0.6537)	Prec@1 88.281 (88.281)	Prec@5 99.219 (99.219)
Epoch: [58][10/49], lr: 0.01000	Loss 0.4279 (0.7524)	Prec@1 91.406 (90.341)	Prec@5 98.438 (99.432)
Epoch: [58][20/49], lr: 0.01000	Loss 1.1369 (0.8757)	Prec@1 86.719 (89.062)	Prec@5 96.875 (99.405)
Epoch: [58][30/49], lr: 0.01000	Loss 1.0497 (0.9148)	Prec@1 87.500 (87.878)	Prec@5 100.000 (99.168)
Epoch: [58][40/49], lr: 0.01000	Loss 1.1345 (0.9383)	Prec@1 82.812 (87.729)	Prec@5 96.875 (99.162)
Epoch [58] Training Results: Prec@1 87.474 Prec@5 99.129             Loss 0.94652
Epoch [58] Training Class Recall: [0.968,0.977,0.804,0.766,0.707,0.397,0.453,0.408,0.386,0.286]

Epoch: [59][0/49], lr: 0.01000	Loss 0.9347 (0.9347)	Prec@1 82.812 (82.812)	Prec@5 99.219 (99.219)
Epoch: [59][10/49], lr: 0.01000	Loss 0.8254 (0.8869)	Prec@1 88.281 (87.429)	Prec@5 100.000 (99.148)
Epoch: [59][20/49], lr: 0.01000	Loss 0.4322 (0.8992)	Prec@1 84.375 (87.165)	Prec@5 100.000 (99.293)
Epoch: [59][30/49], lr: 0.01000	Loss 1.2683 (0.8677)	Prec@1 82.812 (87.349)	Prec@5 98.438 (99.345)
Epoch: [59][40/49], lr: 0.01000	Loss 1.1159 (0.9119)	Prec@1 88.281 (87.538)	Prec@5 99.219 (99.371)
Epoch [59] Training Results: Prec@1 87.377 Prec@5 99.291             Loss 0.91217
Epoch [59] Training Class Recall: [0.964,0.965,0.798,0.787,0.753,0.376,0.481,0.380,0.341,0.393]

Epoch: [60][0/49], lr: 0.01000	Loss 0.8913 (0.8913)	Prec@1 91.406 (91.406)	Prec@5 99.219 (99.219)
Epoch: [60][10/49], lr: 0.01000	Loss 1.1780 (1.0192)	Prec@1 82.812 (88.707)	Prec@5 99.219 (99.574)
Epoch: [60][20/49], lr: 0.01000	Loss 0.3412 (0.9029)	Prec@1 89.062 (87.984)	Prec@5 99.219 (99.442)
Epoch: [60][30/49], lr: 0.01000	Loss 0.6571 (0.9145)	Prec@1 89.844 (88.231)	Prec@5 100.000 (99.370)
Epoch: [60][40/49], lr: 0.01000	Loss 1.0149 (0.8892)	Prec@1 90.625 (88.110)	Prec@5 100.000 (99.428)
Epoch [60] Training Results: Prec@1 87.845 Prec@5 99.371             Loss 0.90765
Epoch [60] Training Class Recall: [0.970,0.973,0.793,0.775,0.741,0.450,0.472,0.366,0.386,0.571]

Epoch: [61][0/49], lr: 0.01000	Loss 1.2363 (1.2363)	Prec@1 88.281 (88.281)	Prec@5 99.219 (99.219)
Epoch: [61][10/49], lr: 0.01000	Loss 1.0098 (0.9731)	Prec@1 88.281 (88.281)	Prec@5 98.438 (99.006)
Epoch: [61][20/49], lr: 0.01000	Loss 0.9903 (0.9808)	Prec@1 87.500 (88.765)	Prec@5 98.438 (99.219)
Epoch: [61][30/49], lr: 0.01000	Loss 0.7348 (1.0131)	Prec@1 90.625 (87.979)	Prec@5 100.000 (99.244)
Epoch: [61][40/49], lr: 0.01000	Loss 1.0648 (1.0202)	Prec@1 85.156 (87.919)	Prec@5 100.000 (99.314)
Epoch [61] Training Results: Prec@1 87.877 Prec@5 99.242             Loss 1.01034
Epoch [61] Training Class Recall: [0.962,0.971,0.825,0.780,0.750,0.344,0.509,0.451,0.477,0.500]

Epoch: [62][0/49], lr: 0.01000	Loss 1.0820 (1.0820)	Prec@1 91.406 (91.406)	Prec@5 100.000 (100.000)
Epoch: [62][10/49], lr: 0.01000	Loss 1.0029 (0.9500)	Prec@1 89.844 (88.636)	Prec@5 98.438 (99.432)
Epoch: [62][20/49], lr: 0.01000	Loss 0.7510 (0.8863)	Prec@1 85.156 (88.430)	Prec@5 99.219 (99.591)
Epoch: [62][30/49], lr: 0.01000	Loss 0.7264 (0.9199)	Prec@1 86.719 (88.105)	Prec@5 97.656 (99.420)
Epoch: [62][40/49], lr: 0.01000	Loss 0.5621 (0.9364)	Prec@1 88.281 (87.710)	Prec@5 98.438 (99.352)
Epoch [62] Training Results: Prec@1 87.845 Prec@5 99.420             Loss 0.94745
Epoch [62] Training Class Recall: [0.956,0.967,0.826,0.779,0.750,0.418,0.575,0.507,0.386,0.393]

Epoch: [63][0/49], lr: 0.01000	Loss 1.2148 (1.2148)	Prec@1 86.719 (86.719)	Prec@5 98.438 (98.438)
Epoch: [63][10/49], lr: 0.01000	Loss 1.0479 (0.7773)	Prec@1 88.281 (88.565)	Prec@5 99.219 (99.219)
Epoch: [63][20/49], lr: 0.01000	Loss 1.1290 (0.8544)	Prec@1 85.938 (88.132)	Prec@5 99.219 (99.070)
Epoch: [63][30/49], lr: 0.01000	Loss 0.9072 (0.8549)	Prec@1 85.156 (87.324)	Prec@5 100.000 (99.042)
Epoch: [63][40/49], lr: 0.01000	Loss 1.0044 (0.8711)	Prec@1 89.844 (87.652)	Prec@5 100.000 (99.219)
Epoch [63] Training Results: Prec@1 87.845 Prec@5 99.226             Loss 0.89491
Epoch [63] Training Class Recall: [0.967,0.975,0.797,0.772,0.735,0.444,0.481,0.507,0.455,0.250]

Epoch: [64][0/49], lr: 0.01000	Loss 1.0214 (1.0214)	Prec@1 83.594 (83.594)	Prec@5 100.000 (100.000)
Epoch: [64][10/49], lr: 0.01000	Loss 0.4133 (0.8205)	Prec@1 87.500 (88.494)	Prec@5 100.000 (99.716)
Epoch: [64][20/49], lr: 0.01000	Loss 1.1949 (0.8600)	Prec@1 86.719 (88.914)	Prec@5 100.000 (99.554)
Epoch: [64][30/49], lr: 0.01000	Loss 0.4591 (0.8508)	Prec@1 89.844 (88.634)	Prec@5 98.438 (99.420)
Epoch: [64][40/49], lr: 0.01000	Loss 0.7590 (0.8518)	Prec@1 88.281 (88.415)	Prec@5 99.219 (99.409)
Epoch [64] Training Results: Prec@1 88.264 Prec@5 99.452             Loss 0.85820
Epoch [64] Training Class Recall: [0.964,0.979,0.827,0.773,0.728,0.423,0.557,0.493,0.341,0.429]

Epoch: [65][0/49], lr: 0.01000	Loss 1.2250 (1.2250)	Prec@1 89.844 (89.844)	Prec@5 99.219 (99.219)
Epoch: [65][10/49], lr: 0.01000	Loss 0.6166 (0.9838)	Prec@1 89.062 (88.636)	Prec@5 99.219 (99.574)
Epoch: [65][20/49], lr: 0.01000	Loss 1.0870 (0.9647)	Prec@1 89.844 (88.207)	Prec@5 100.000 (99.256)
Epoch: [65][30/49], lr: 0.01000	Loss 1.1742 (0.9414)	Prec@1 85.938 (88.306)	Prec@5 99.219 (99.320)
Epoch: [65][40/49], lr: 0.01000	Loss 0.9927 (0.9639)	Prec@1 92.969 (88.986)	Prec@5 100.000 (99.447)
Epoch [65] Training Results: Prec@1 88.860 Prec@5 99.436             Loss 0.97030
Epoch [65] Training Class Recall: [0.969,0.974,0.838,0.775,0.784,0.455,0.528,0.479,0.364,0.464]

Epoch: [66][0/49], lr: 0.01000	Loss 0.9253 (0.9253)	Prec@1 89.062 (89.062)	Prec@5 100.000 (100.000)
Epoch: [66][10/49], lr: 0.01000	Loss 0.9313 (0.9071)	Prec@1 89.062 (88.778)	Prec@5 100.000 (99.006)
Epoch: [66][20/49], lr: 0.01000	Loss 0.9519 (0.9155)	Prec@1 91.406 (89.025)	Prec@5 100.000 (99.256)
Epoch: [66][30/49], lr: 0.01000	Loss 0.4827 (0.8813)	Prec@1 90.625 (88.735)	Prec@5 100.000 (99.370)
Epoch: [66][40/49], lr: 0.01000	Loss 0.8701 (0.8770)	Prec@1 91.406 (88.739)	Prec@5 100.000 (99.409)
Epoch [66] Training Results: Prec@1 88.409 Prec@5 99.436             Loss 0.89386
Epoch [66] Training Class Recall: [0.974,0.968,0.817,0.785,0.762,0.381,0.481,0.493,0.500,0.464]

Epoch: [67][0/49], lr: 0.01000	Loss 1.0400 (1.0400)	Prec@1 92.188 (92.188)	Prec@5 100.000 (100.000)
Epoch: [67][10/49], lr: 0.01000	Loss 0.9026 (0.8357)	Prec@1 89.844 (89.844)	Prec@5 98.438 (99.219)
Epoch: [67][20/49], lr: 0.01000	Loss 0.8290 (0.8407)	Prec@1 85.938 (89.472)	Prec@5 98.438 (99.219)
Epoch: [67][30/49], lr: 0.01000	Loss 1.0583 (0.8841)	Prec@1 92.188 (89.441)	Prec@5 100.000 (99.320)
Epoch: [67][40/49], lr: 0.01000	Loss 1.1405 (0.9036)	Prec@1 89.844 (89.043)	Prec@5 99.219 (99.390)
Epoch [67] Training Results: Prec@1 88.925 Prec@5 99.387             Loss 0.88853
Epoch [67] Training Class Recall: [0.968,0.966,0.829,0.756,0.815,0.492,0.604,0.521,0.523,0.536]

Epoch: [68][0/49], lr: 0.01000	Loss 0.5353 (0.5353)	Prec@1 93.750 (93.750)	Prec@5 100.000 (100.000)
Epoch: [68][10/49], lr: 0.01000	Loss 0.6264 (0.8636)	Prec@1 87.500 (88.423)	Prec@5 99.219 (99.361)
Epoch: [68][20/49], lr: 0.01000	Loss 0.9553 (0.8565)	Prec@1 84.375 (88.876)	Prec@5 100.000 (99.479)
Epoch: [68][30/49], lr: 0.01000	Loss 0.6476 (0.8527)	Prec@1 88.281 (88.836)	Prec@5 100.000 (99.471)
Epoch: [68][40/49], lr: 0.01000	Loss 0.4547 (0.8554)	Prec@1 86.719 (88.681)	Prec@5 99.219 (99.371)
Epoch [68] Training Results: Prec@1 88.377 Prec@5 99.404             Loss 0.87264
Epoch [68] Training Class Recall: [0.960,0.975,0.829,0.766,0.735,0.476,0.642,0.451,0.500,0.464]

Epoch: [69][0/49], lr: 0.01000	Loss 1.1580 (1.1580)	Prec@1 89.062 (89.062)	Prec@5 100.000 (100.000)
Epoch: [69][10/49], lr: 0.01000	Loss 0.9108 (0.8526)	Prec@1 92.188 (89.560)	Prec@5 99.219 (99.574)
Epoch: [69][20/49], lr: 0.01000	Loss 0.4426 (0.8645)	Prec@1 86.719 (89.100)	Prec@5 99.219 (99.516)
Epoch: [69][30/49], lr: 0.01000	Loss 0.7648 (0.8521)	Prec@1 77.344 (88.836)	Prec@5 100.000 (99.496)
Epoch: [69][40/49], lr: 0.01000	Loss 0.8743 (0.8755)	Prec@1 82.812 (88.434)	Prec@5 100.000 (99.524)
Epoch [69] Training Results: Prec@1 88.473 Prec@5 99.468             Loss 0.89232
Epoch [69] Training Class Recall: [0.970,0.975,0.784,0.784,0.765,0.503,0.575,0.507,0.455,0.464]

Epoch: [70][0/49], lr: 0.01000	Loss 0.8034 (0.8034)	Prec@1 89.844 (89.844)	Prec@5 99.219 (99.219)
Epoch: [70][10/49], lr: 0.01000	Loss 0.6716 (0.7614)	Prec@1 89.062 (89.915)	Prec@5 100.000 (99.716)
Epoch: [70][20/49], lr: 0.01000	Loss 0.4157 (0.8388)	Prec@1 85.156 (89.174)	Prec@5 100.000 (99.740)
Epoch: [70][30/49], lr: 0.01000	Loss 0.4465 (0.8348)	Prec@1 87.500 (89.289)	Prec@5 100.000 (99.723)
Epoch: [70][40/49], lr: 0.01000	Loss 1.1209 (0.8555)	Prec@1 87.500 (89.653)	Prec@5 100.000 (99.676)
Epoch [70] Training Results: Prec@1 89.650 Prec@5 99.549             Loss 0.85786
Epoch [70] Training Class Recall: [0.970,0.981,0.825,0.813,0.787,0.492,0.538,0.549,0.591,0.536]

4] Training Class Recall: [0.972,0.972,0.822,0.775,0.779,0.451,0.557,0.422,0.492,0.364]

Epoch: [55][0/68], lr: 0.01000	Loss 0.6189 (0.6189)	Prec@1 92.969 (92.969)	Prec@5 98.438 (98.438)
Epoch: [55][10/68], lr: 0.01000	Loss 0.4016 (0.8857)	Prec@1 91.406 (89.773)	Prec@5 100.000 (99.503)
Epoch: [55][20/68], lr: 0.01000	Loss 0.9330 (0.8524)	Prec@1 87.500 (89.769)	Prec@5 97.656 (99.293)
Epoch: [55][30/68], lr: 0.01000	Loss 1.0011 (0.8575)	Prec@1 85.156 (89.592)	Prec@5 98.438 (99.269)
Epoch: [55][40/68], lr: 0.01000	Loss 0.9178 (0.8523)	Prec@1 86.719 (89.310)	Prec@5 98.438 (99.257)
Epoch: [55][50/68], lr: 0.01000	Loss 1.1562 (0.8321)	Prec@1 89.062 (89.400)	Prec@5 97.656 (99.265)
Epoch: [55][60/68], lr: 0.01000	Loss 1.0354 (0.8465)	Prec@1 88.281 (89.203)	Prec@5 100.000 (99.270)
Epoch [55] Training Results: Prec@1 89.222 Prec@5 99.275             Loss 0.83992
Epoch [55] Training Class Recall: [0.970,0.971,0.841,0.766,0.792,0.537,0.506,0.451,0.574,0.364]

Epoch: [56][0/68], lr: 0.01000	Loss 0.9151 (0.9151)	Prec@1 91.406 (91.406)	Prec@5 100.000 (100.000)
Epoch: [56][10/68], lr: 0.01000	Loss 0.3724 (0.8146)	Prec@1 90.625 (89.986)	Prec@5 100.000 (99.574)
Epoch: [56][20/68], lr: 0.01000	Loss 0.8519 (0.8081)	Prec@1 92.969 (89.583)	Prec@5 100.000 (99.554)
Epoch: [56][30/68], lr: 0.01000	Loss 1.1323 (0.7744)	Prec@1 82.031 (89.441)	Prec@5 100.000 (99.546)
Epoch: [56][40/68], lr: 0.01000	Loss 1.0157 (0.7931)	Prec@1 92.188 (89.272)	Prec@5 100.000 (99.524)
Epoch: [56][50/68], lr: 0.01000	Loss 0.4573 (0.7972)	Prec@1 91.406 (89.277)	Prec@5 100.000 (99.479)
Epoch: [56][60/68], lr: 0.01000	Loss 1.1501 (0.8277)	Prec@1 88.281 (89.331)	Prec@5 100.000 (99.411)
Epoch [56] Training Results: Prec@1 89.256 Prec@5 99.401             Loss 0.84066
Epoch [56] Training Class Recall: [0.969,0.976,0.833,0.778,0.792,0.455,0.620,0.500,0.607,0.212]

Epoch: [57][0/68], lr: 0.01000	Loss 1.1109 (1.1109)	Prec@1 91.406 (91.406)	Prec@5 99.219 (99.219)
Epoch: [57][10/68], lr: 0.01000	Loss 0.7191 (0.9004)	Prec@1 92.188 (88.920)	Prec@5 99.219 (99.503)
Epoch: [57][20/68], lr: 0.01000	Loss 0.8000 (0.9407)	Prec@1 89.062 (88.318)	Prec@5 98.438 (99.479)
Epoch: [57][30/68], lr: 0.01000	Loss 1.0776 (0.8678)	Prec@1 92.188 (88.962)	Prec@5 100.000 (99.521)
Epoch: [57][40/68], lr: 0.01000	Loss 0.7288 (0.8351)	Prec@1 92.969 (89.425)	Prec@5 99.219 (99.371)
Epoch: [57][50/68], lr: 0.01000	Loss 0.9740 (0.8270)	Prec@1 91.406 (89.445)	Prec@5 100.000 (99.311)
Epoch: [57][60/68], lr: 0.01000	Loss 0.6092 (0.8440)	Prec@1 85.156 (89.344)	Prec@5 99.219 (99.372)
Epoch [57] Training Results: Prec@1 89.360 Prec@5 99.378             Loss 0.84038
Epoch [57] Training Class Recall: [0.967,0.976,0.832,0.774,0.808,0.541,0.525,0.500,0.590,0.394]

Epoch: [58][0/68], lr: 0.01000	Loss 1.0229 (1.0229)	Prec@1 90.625 (90.625)	Prec@5 100.000 (100.000)
Epoch: [58][10/68], lr: 0.01000	Loss 0.4733 (0.9966)	Prec@1 88.281 (89.134)	Prec@5 100.000 (99.290)
Epoch: [58][20/68], lr: 0.01000	Loss 0.9570 (0.9815)	Prec@1 88.281 (90.030)	Prec@5 100.000 (99.442)
Epoch: [58][30/68], lr: 0.01000	Loss 0.4687 (0.9809)	Prec@1 91.406 (89.239)	Prec@5 100.000 (99.471)
Epoch: [58][40/68], lr: 0.01000	Loss 0.7514 (0.9531)	Prec@1 84.375 (88.967)	Prec@5 100.000 (99.447)
Epoch: [58][50/68], lr: 0.01000	Loss 0.9363 (0.9224)	Prec@1 89.062 (89.108)	Prec@5 99.219 (99.479)
Epoch: [58][60/68], lr: 0.01000	Loss 1.1315 (0.9260)	Prec@1 89.062 (89.139)	Prec@5 100.000 (99.513)
Epoch [58] Training Results: Prec@1 89.060 Prec@5 99.436             Loss 0.92924
Epoch [58] Training Class Recall: [0.969,0.977,0.831,0.757,0.775,0.486,0.576,0.529,0.557,0.364]

Epoch: [59][0/68], lr: 0.01000	Loss 1.0925 (1.0925)	Prec@1 85.938 (85.938)	Prec@5 99.219 (99.219)
Epoch: [59][10/68], lr: 0.01000	Loss 1.0778 (0.7823)	Prec@1 92.188 (90.554)	Prec@5 99.219 (99.574)
Epoch: [59][20/68], lr: 0.01000	Loss 1.1168 (0.8517)	Prec@1 90.625 (89.993)	Prec@5 99.219 (99.479)
Epoch: [59][30/68], lr: 0.01000	Loss 0.6050 (0.8078)	Prec@1 83.594 (89.768)	Prec@5 99.219 (99.521)
Epoch: [59][40/68], lr: 0.01000	Loss 0.9272 (0.8264)	Prec@1 89.062 (89.787)	Prec@5 100.000 (99.505)
Epoch: [59][50/68], lr: 0.01000	Loss 0.9452 (0.8444)	Prec@1 89.062 (89.522)	Prec@5 99.219 (99.418)
Epoch: [59][60/68], lr: 0.01000	Loss 0.9501 (0.8495)	Prec@1 89.844 (89.447)	Prec@5 99.219 (99.347)
Epoch [59] Training Results: Prec@1 89.498 Prec@5 99.378             Loss 0.84905
Epoch [59] Training Class Recall: [0.970,0.973,0.834,0.782,0.808,0.529,0.589,0.510,0.426,0.394]

Epoch: [60][0/68], lr: 0.01000	Loss 0.9589 (0.9589)	Prec@1 84.375 (84.375)	Prec@5 99.219 (99.219)
Epoch: [60][10/68], lr: 0.01000	Loss 1.0439 (0.9235)	Prec@1 89.844 (89.702)	Prec@5 100.000 (99.361)
Epoch: [60][20/68], lr: 0.01000	Loss 1.0812 (0.9606)	Prec@1 91.406 (89.955)	Prec@5 99.219 (99.293)
Epoch: [60][30/68], lr: 0.01000	Loss 0.8542 (0.9480)	Prec@1 88.281 (89.768)	Prec@5 99.219 (99.269)
Epoch: [60][40/68], lr: 0.01000	Loss 0.8669 (0.9555)	Prec@1 89.062 (89.444)	Prec@5 100.000 (99.181)
Epoch: [60][50/68], lr: 0.01000	Loss 0.8505 (0.9590)	Prec@1 89.844 (89.553)	Prec@5 100.000 (99.188)
Epoch: [60][60/68], lr: 0.01000	Loss 0.6540 (0.9390)	Prec@1 90.625 (89.716)	Prec@5 100.000 (99.270)
Epoch [60] Training Results: Prec@1 89.866 Prec@5 99.332             Loss 0.93292
Epoch [60] Training Class Recall: [0.978,0.979,0.852,0.746,0.772,0.549,0.525,0.559,0.689,0.273]

