Epoch: [0][0/97], lr: 0.00200	Loss 3.1222 (3.1222)	Prec@1 3.125 (3.125)	Prec@5 27.344 (27.344)
Epoch: [0][10/97], lr: 0.00200	Loss 2.0945 (2.4357)	Prec@1 30.469 (22.656)	Prec@5 71.875 (71.378)
Epoch: [0][20/97], lr: 0.00200	Loss 2.0610 (2.2509)	Prec@1 28.906 (27.381)	Prec@5 80.469 (74.368)
Epoch: [0][30/97], lr: 0.00200	Loss 2.0987 (2.1778)	Prec@1 32.031 (28.906)	Prec@5 72.656 (73.841)
Epoch: [0][40/97], lr: 0.00200	Loss 1.9659 (2.1258)	Prec@1 34.375 (29.954)	Prec@5 80.469 (75.705)
Epoch: [0][50/97], lr: 0.00200	Loss 2.0058 (2.0823)	Prec@1 28.125 (30.760)	Prec@5 76.562 (76.792)
Epoch: [0][60/97], lr: 0.00200	Loss 1.9468 (2.0527)	Prec@1 32.812 (32.095)	Prec@5 78.906 (77.344)
Epoch: [0][70/97], lr: 0.00200	Loss 1.7342 (2.0220)	Prec@1 41.406 (33.088)	Prec@5 85.938 (77.971)
Epoch: [0][80/97], lr: 0.00200	Loss 1.8378 (2.0058)	Prec@1 43.750 (33.758)	Prec@5 85.156 (78.173)
Epoch: [0][90/97], lr: 0.00200	Loss 1.6813 (1.9843)	Prec@1 49.219 (34.787)	Prec@5 82.812 (78.520)
Epoch [0] Training Results: Prec@1 35.346 Prec@5 78.849             Loss 1.97220
Epoch [0] Training Class Recall: [0.732,0.417,0.231,0.027,0.035,0.000,0.000,0.000,0.000,0.000]

Epoch: [1][0/97], lr: 0.00400	Loss 1.7686 (1.7686)	Prec@1 47.656 (47.656)	Prec@5 83.594 (83.594)
Epoch: [1][10/97], lr: 0.00400	Loss 1.8091 (1.9042)	Prec@1 42.188 (40.412)	Prec@5 85.156 (79.332)
Epoch: [1][20/97], lr: 0.00400	Loss 1.9062 (1.9108)	Prec@1 35.938 (40.179)	Prec@5 79.688 (78.720)
Epoch: [1][30/97], lr: 0.00400	Loss 1.8766 (1.9336)	Prec@1 40.625 (38.886)	Prec@5 78.906 (78.856)
Epoch: [1][40/97], lr: 0.00400	Loss 1.9887 (1.9365)	Prec@1 33.594 (38.300)	Prec@5 83.594 (79.345)
Epoch: [1][50/97], lr: 0.00400	Loss 1.7758 (1.9338)	Prec@1 42.969 (38.189)	Prec@5 82.031 (79.580)
Epoch: [1][60/97], lr: 0.00400	Loss 1.9274 (1.9312)	Prec@1 34.375 (38.115)	Prec@5 81.250 (79.611)
Epoch: [1][70/97], lr: 0.00400	Loss 1.8104 (1.9163)	Prec@1 40.625 (38.743)	Prec@5 82.031 (79.930)
Epoch: [1][80/97], lr: 0.00400	Loss 1.7944 (1.9056)	Prec@1 38.281 (39.062)	Prec@5 79.688 (80.199)
Epoch: [1][90/97], lr: 0.00400	Loss 1.7702 (1.8959)	Prec@1 50.000 (39.552)	Prec@5 80.469 (80.297)
Epoch [1] Training Results: Prec@1 39.884 Prec@5 80.429             Loss 1.89139
Epoch [1] Training Class Recall: [0.734,0.578,0.298,0.081,0.012,0.000,0.000,0.000,0.000,0.000]

Epoch: [2][0/97], lr: 0.00600	Loss 1.6541 (1.6541)	Prec@1 47.656 (47.656)	Prec@5 85.156 (85.156)
Epoch: [2][10/97], lr: 0.00600	Loss 1.7713 (1.8039)	Prec@1 46.094 (43.963)	Prec@5 82.812 (81.534)
Epoch: [2][20/97], lr: 0.00600	Loss 1.7747 (1.8086)	Prec@1 46.094 (43.638)	Prec@5 82.031 (81.399)
Epoch: [2][30/97], lr: 0.00600	Loss 1.7733 (1.8201)	Prec@1 42.188 (43.473)	Prec@5 85.938 (80.872)
Epoch: [2][40/97], lr: 0.00600	Loss 1.7067 (1.8122)	Prec@1 42.969 (43.502)	Prec@5 85.156 (81.345)
Epoch: [2][50/97], lr: 0.00600	Loss 1.6579 (1.8071)	Prec@1 50.781 (43.888)	Prec@5 82.812 (81.618)
Epoch: [2][60/97], lr: 0.00600	Loss 1.7468 (1.7978)	Prec@1 47.656 (44.237)	Prec@5 82.031 (81.865)
Epoch: [2][70/97], lr: 0.00600	Loss 1.9140 (1.8087)	Prec@1 39.844 (43.893)	Prec@5 80.469 (81.690)
Epoch: [2][80/97], lr: 0.00600	Loss 1.8236 (1.8141)	Prec@1 44.531 (43.673)	Prec@5 82.812 (81.404)
Epoch: [2][90/97], lr: 0.00600	Loss 1.7779 (1.8124)	Prec@1 45.312 (43.819)	Prec@5 85.938 (81.422)
Epoch [2] Training Results: Prec@1 43.946 Prec@5 81.477             Loss 1.80784
Epoch [2] Training Class Recall: [0.808,0.617,0.376,0.073,0.005,0.000,0.000,0.000,0.000,0.000]

Epoch: [3][0/97], lr: 0.00800	Loss 1.8030 (1.8030)	Prec@1 45.312 (45.312)	Prec@5 86.719 (86.719)
Epoch: [3][10/97], lr: 0.00800	Loss 1.7801 (1.7526)	Prec@1 50.000 (46.662)	Prec@5 81.250 (83.168)
Epoch: [3][20/97], lr: 0.00800	Loss 1.9300 (1.7951)	Prec@1 34.375 (45.201)	Prec@5 75.781 (81.473)
Epoch: [3][30/97], lr: 0.00800	Loss 1.7000 (1.7983)	Prec@1 47.656 (45.035)	Prec@5 85.938 (81.074)
Epoch: [3][40/97], lr: 0.00800	Loss 1.7407 (1.7963)	Prec@1 52.344 (45.274)	Prec@5 82.031 (81.193)
Epoch: [3][50/97], lr: 0.00800	Loss 1.6793 (1.7823)	Prec@1 57.812 (46.278)	Prec@5 85.156 (81.587)
Epoch: [3][60/97], lr: 0.00800	Loss 1.8684 (1.7836)	Prec@1 39.062 (46.055)	Prec@5 79.688 (81.685)
Epoch: [3][70/97], lr: 0.00800	Loss 1.5861 (1.7801)	Prec@1 52.344 (46.171)	Prec@5 85.938 (81.514)
Epoch: [3][80/97], lr: 0.00800	Loss 1.6935 (1.7800)	Prec@1 54.688 (46.171)	Prec@5 86.719 (81.472)
Epoch: [3][90/97], lr: 0.00800	Loss 1.7808 (1.7803)	Prec@1 45.312 (46.283)	Prec@5 79.688 (81.679)
Epoch [3] Training Results: Prec@1 46.276 Prec@5 81.775             Loss 1.77991
Epoch [3] Training Class Recall: [0.833,0.665,0.354,0.172,0.000,0.000,0.000,0.000,0.000,0.000]

Epoch: [4][0/97], lr: 0.01000	Loss 1.7332 (1.7332)	Prec@1 48.438 (48.438)	Prec@5 82.031 (82.031)
Epoch: [4][10/97], lr: 0.01000	Loss 1.6710 (1.7670)	Prec@1 46.875 (46.946)	Prec@5 80.469 (81.818)
Epoch: [4][20/97], lr: 0.01000	Loss 1.8111 (1.7736)	Prec@1 40.625 (46.243)	Prec@5 84.375 (81.882)
Epoch: [4][30/97], lr: 0.01000	Loss 1.8501 (1.7801)	Prec@1 42.969 (46.396)	Prec@5 80.469 (81.502)
Epoch: [4][40/97], lr: 0.01000	Loss 1.8040 (1.7810)	Prec@1 46.094 (46.437)	Prec@5 78.125 (81.536)
Epoch: [4][50/97], lr: 0.01000	Loss 1.8244 (1.7764)	Prec@1 50.781 (46.676)	Prec@5 76.562 (81.618)
Epoch: [4][60/97], lr: 0.01000	Loss 1.7736 (1.7865)	Prec@1 51.562 (46.273)	Prec@5 81.250 (81.634)
Epoch: [4][70/97], lr: 0.01000	Loss 1.9335 (1.7846)	Prec@1 42.188 (46.490)	Prec@5 76.562 (81.690)
Epoch: [4][80/97], lr: 0.01000	Loss 1.8374 (1.7840)	Prec@1 44.531 (46.730)	Prec@5 79.688 (81.578)
Epoch: [4][90/97], lr: 0.01000	Loss 1.8102 (1.7827)	Prec@1 48.438 (47.004)	Prec@5 80.469 (81.782)
Epoch [4] Training Results: Prec@1 47.122 Prec@5 81.823             Loss 1.78150
Epoch [4] Training Class Recall: [0.844,0.692,0.347,0.174,0.001,0.000,0.000,0.000,0.000,0.000]

Epoch: [5][0/97], lr: 0.01000	Loss 1.8146 (1.8146)	Prec@1 47.656 (47.656)	Prec@5 78.125 (78.125)
Epoch: [5][10/97], lr: 0.01000	Loss 1.8303 (1.7703)	Prec@1 43.750 (47.159)	Prec@5 76.562 (81.676)
Epoch: [5][20/97], lr: 0.01000	Loss 1.7481 (1.7714)	Prec@1 50.781 (47.507)	Prec@5 80.469 (81.548)
Epoch: [5][30/97], lr: 0.01000	Loss 1.8571 (1.7759)	Prec@1 45.312 (47.379)	Prec@5 73.438 (81.704)
Epoch: [5][40/97], lr: 0.01000	Loss 1.8066 (1.7863)	Prec@1 45.312 (47.580)	Prec@5 82.031 (81.612)
Epoch: [5][50/97], lr: 0.01000	Loss 1.7269 (1.7821)	Prec@1 57.812 (47.718)	Prec@5 81.250 (81.618)
Epoch: [5][60/97], lr: 0.01000	Loss 1.5225 (1.7587)	Prec@1 60.156 (48.642)	Prec@5 85.938 (81.890)
Epoch: [5][70/97], lr: 0.01000	Loss 1.8436 (1.7573)	Prec@1 54.688 (48.801)	Prec@5 78.906 (81.800)
Epoch: [5][80/97], lr: 0.01000	Loss 1.7509 (1.7545)	Prec@1 52.344 (49.074)	Prec@5 85.156 (81.867)
Epoch: [5][90/97], lr: 0.01000	Loss 1.7338 (1.7519)	Prec@1 53.906 (49.141)	Prec@5 82.812 (81.971)
Epoch [5] Training Results: Prec@1 49.154 Prec@5 81.920             Loss 1.75257
Epoch [5] Training Class Recall: [0.855,0.726,0.401,0.206,0.000,0.000,0.000,0.000,0.000,0.000]

Epoch: [6][0/97], lr: 0.01000	Loss 1.6841 (1.6841)	Prec@1 52.344 (52.344)	Prec@5 80.469 (80.469)
Epoch: [6][10/97], lr: 0.01000	Loss 1.8593 (1.7224)	Prec@1 49.219 (51.634)	Prec@5 80.469 (81.818)
Epoch: [6][20/97], lr: 0.01000	Loss 1.4924 (1.7258)	Prec@1 60.156 (51.562)	Prec@5 89.844 (82.292)
Epoch: [6][30/97], lr: 0.01000	Loss 1.7222 (1.7293)	Prec@1 45.312 (50.932)	Prec@5 85.156 (82.636)
Epoch: [6][40/97], lr: 0.01000	Loss 1.8637 (1.7419)	Prec@1 48.438 (50.838)	Prec@5 78.125 (82.222)
Epoch: [6][50/97], lr: 0.01000	Loss 1.8063 (1.7496)	Prec@1 54.688 (50.659)	Prec@5 84.375 (82.353)
Epoch: [6][60/97], lr: 0.01000	Loss 2.0254 (1.7549)	Prec@1 39.062 (50.410)	Prec@5 81.250 (82.172)
Epoch: [6][70/97], lr: 0.01000	Loss 1.7155 (1.7511)	Prec@1 50.000 (50.638)	Prec@5 84.375 (82.119)
Epoch: [6][80/97], lr: 0.01000	Loss 1.7381 (1.7535)	Prec@1 55.469 (50.694)	Prec@5 80.469 (82.157)
Epoch: [6][90/97], lr: 0.01000	Loss 1.6415 (1.7528)	Prec@1 58.594 (50.601)	Prec@5 87.500 (82.091)
Epoch [6] Training Results: Prec@1 50.516 Prec@5 82.025             Loss 1.75190
Epoch [6] Training Class Recall: [0.868,0.767,0.397,0.227,0.000,0.000,0.000,0.000,0.000,0.000]

Epoch: [7][0/97], lr: 0.01000	Loss 1.8677 (1.8677)	Prec@1 49.219 (49.219)	Prec@5 80.469 (80.469)
Epoch: [7][10/97], lr: 0.01000	Loss 1.6472 (1.7650)	Prec@1 51.562 (51.278)	Prec@5 82.812 (81.747)
Epoch: [7][20/97], lr: 0.01000	Loss 1.8272 (1.7371)	Prec@1 53.125 (51.190)	Prec@5 78.906 (82.329)
Epoch: [7][30/97], lr: 0.01000	Loss 1.8571 (1.7497)	Prec@1 48.438 (50.504)	Prec@5 77.344 (82.359)
Epoch: [7][40/97], lr: 0.01000	Loss 1.9108 (1.7541)	Prec@1 39.844 (50.057)	Prec@5 76.562 (82.431)
Epoch: [7][50/97], lr: 0.01000	Loss 1.8344 (1.7537)	Prec@1 44.531 (50.123)	Prec@5 78.906 (82.200)
Epoch: [7][60/97], lr: 0.01000	Loss 1.7271 (1.7477)	Prec@1 46.875 (50.307)	Prec@5 82.031 (82.249)
Epoch: [7][70/97], lr: 0.01000	Loss 1.7971 (1.7390)	Prec@1 51.562 (50.638)	Prec@5 77.344 (82.394)
Epoch: [7][80/97], lr: 0.01000	Loss 1.7715 (1.7326)	Prec@1 53.906 (50.878)	Prec@5 81.250 (82.398)
Epoch: [7][90/97], lr: 0.01000	Loss 1.6046 (1.7298)	Prec@1 51.562 (51.056)	Prec@5 82.031 (82.521)
Epoch [7] Training Results: Prec@1 50.991 Prec@5 82.396             Loss 1.73144
Epoch [7] Training Class Recall: [0.865,0.773,0.398,0.267,0.013,0.000,0.000,0.000,0.000,0.000]

Epoch: [8][0/97], lr: 0.01000	Loss 1.7658 (1.7658)	Prec@1 51.562 (51.562)	Prec@5 77.344 (77.344)
Epoch: [8][10/97], lr: 0.01000	Loss 1.7755 (1.7275)	Prec@1 50.781 (52.415)	Prec@5 76.562 (82.528)
Epoch: [8][20/97], lr: 0.01000	Loss 1.6818 (1.7184)	Prec@1 57.812 (51.786)	Prec@5 82.031 (82.440)
Epoch: [8][30/97], lr: 0.01000	Loss 1.8170 (1.7270)	Prec@1 46.094 (51.739)	Prec@5 77.344 (82.308)
Epoch: [8][40/97], lr: 0.01000	Loss 1.9173 (1.7217)	Prec@1 45.312 (52.210)	Prec@5 71.875 (82.489)
Epoch: [8][50/97], lr: 0.01000	Loss 1.6521 (1.7216)	Prec@1 53.906 (52.145)	Prec@5 80.469 (82.583)
Epoch: [8][60/97], lr: 0.01000	Loss 1.7355 (1.7176)	Prec@1 47.656 (51.985)	Prec@5 81.250 (82.787)
Epoch: [8][70/97], lr: 0.01000	Loss 1.6971 (1.7133)	Prec@1 53.125 (52.157)	Prec@5 83.594 (83.066)
Epoch: [8][80/97], lr: 0.01000	Loss 1.8289 (1.7129)	Prec@1 44.531 (52.228)	Prec@5 75.781 (82.996)
Epoch: [8][90/97], lr: 0.01000	Loss 1.8721 (1.7165)	Prec@1 52.344 (52.095)	Prec@5 75.781 (82.864)
Epoch [8] Training Results: Prec@1 51.991 Prec@5 82.597             Loss 1.71852
Epoch [8] Training Class Recall: [0.873,0.785,0.412,0.304,0.007,0.000,0.000,0.000,0.000,0.000]

Epoch: [9][0/97], lr: 0.01000	Loss 1.7374 (1.7374)	Prec@1 51.562 (51.562)	Prec@5 83.594 (83.594)
Epoch: [9][10/97], lr: 0.01000	Loss 1.6563 (1.7145)	Prec@1 53.125 (52.557)	Prec@5 82.031 (82.670)
Epoch: [9][20/97], lr: 0.01000	Loss 1.7990 (1.7220)	Prec@1 47.656 (52.679)	Prec@5 85.938 (82.515)
Epoch: [9][30/97], lr: 0.01000	Loss 1.8171 (1.7342)	Prec@1 48.438 (52.218)	Prec@5 83.594 (82.082)
Epoch: [9][40/97], lr: 0.01000	Loss 1.8471 (1.7348)	Prec@1 46.094 (52.534)	Prec@5 75.781 (82.069)
Epoch: [9][50/97], lr: 0.01000	Loss 1.7913 (1.7378)	Prec@1 49.219 (52.053)	Prec@5 77.344 (82.169)
Epoch: [9][60/97], lr: 0.01000	Loss 1.6580 (1.7287)	Prec@1 59.375 (52.626)	Prec@5 84.375 (82.595)
Epoch: [9][70/97], lr: 0.01000	Loss 1.6269 (1.7226)	Prec@1 55.469 (52.773)	Prec@5 82.031 (82.548)
Epoch: [9][80/97], lr: 0.01000	Loss 1.8246 (1.7224)	Prec@1 53.125 (52.595)	Prec@5 76.562 (82.446)
Epoch: [9][90/97], lr: 0.01000	Loss 1.5991 (1.7198)	Prec@1 61.719 (52.636)	Prec@5 86.719 (82.529)
Epoch [9] Training Results: Prec@1 52.555 Prec@5 82.565             Loss 1.71954
Epoch [9] Training Class Recall: [0.878,0.804,0.408,0.317,0.004,0.000,0.000,0.000,0.000,0.000]

Epoch: [10][0/97], lr: 0.01000	Loss 1.7406 (1.7406)	Prec@1 52.344 (52.344)	Prec@5 82.812 (82.812)
Epoch: [10][10/97], lr: 0.01000	Loss 1.7703 (1.6626)	Prec@1 55.469 (55.185)	Prec@5 80.469 (82.457)
Epoch: [10][20/97], lr: 0.01000	Loss 1.7564 (1.6820)	Prec@1 55.469 (54.315)	Prec@5 87.500 (82.664)
Epoch: [10][30/97], lr: 0.01000	Loss 1.9383 (1.7103)	Prec@1 49.219 (53.453)	Prec@5 79.688 (82.535)
Epoch: [10][40/97], lr: 0.01000	Loss 1.6152 (1.7121)	Prec@1 60.156 (53.449)	Prec@5 81.250 (82.450)
Epoch: [10][50/97], lr: 0.01000	Loss 1.6287 (1.7144)	Prec@1 54.688 (53.171)	Prec@5 82.031 (82.460)
Epoch: [10][60/97], lr: 0.01000	Loss 1.8617 (1.7137)	Prec@1 44.531 (52.779)	Prec@5 78.125 (82.415)
Epoch: [10][70/97], lr: 0.01000	Loss 1.7875 (1.7178)	Prec@1 50.781 (52.773)	Prec@5 80.469 (82.372)
Epoch: [10][80/97], lr: 0.01000	Loss 1.7206 (1.7144)	Prec@1 51.562 (52.787)	Prec@5 87.500 (82.514)
Epoch: [10][90/97], lr: 0.01000	Loss 1.6534 (1.7129)	Prec@1 55.469 (52.850)	Prec@5 82.812 (82.624)
Epoch [10] Training Results: Prec@1 52.990 Prec@5 82.686             Loss 1.71055
Epoch [10] Training Class Recall: [0.873,0.809,0.423,0.336,0.022,0.000,0.000,0.000,0.000,0.000]

Epoch: [11][0/97], lr: 0.01000	Loss 1.7927 (1.7927)	Prec@1 45.312 (45.312)	Prec@5 78.125 (78.125)
Epoch: [11][10/97], lr: 0.01000	Loss 1.8034 (1.6876)	Prec@1 50.781 (53.622)	Prec@5 82.812 (81.605)
Epoch: [11][20/97], lr: 0.01000	Loss 1.7145 (1.7022)	Prec@1 50.000 (53.013)	Prec@5 85.156 (81.734)
Epoch: [11][30/97], lr: 0.01000	Loss 1.7571 (1.7033)	Prec@1 51.562 (53.125)	Prec@5 80.469 (82.082)
Epoch: [11][40/97], lr: 0.01000	Loss 1.7409 (1.6916)	Prec@1 50.000 (53.468)	Prec@5 79.688 (82.146)
Epoch: [11][50/97], lr: 0.01000	Loss 1.6128 (1.6994)	Prec@1 53.906 (53.125)	Prec@5 84.375 (82.384)
Epoch: [11][60/97], lr: 0.01000	Loss 1.7437 (1.7031)	Prec@1 56.250 (53.202)	Prec@5 85.156 (82.556)
Epoch: [11][70/97], lr: 0.01000	Loss 1.6343 (1.7049)	Prec@1 49.219 (53.081)	Prec@5 83.594 (82.647)
Epoch: [11][80/97], lr: 0.01000	Loss 1.3590 (1.6960)	Prec@1 54.688 (53.299)	Prec@5 90.625 (82.880)
Epoch: [11][90/97], lr: 0.01000	Loss 1.7215 (1.6943)	Prec@1 53.125 (53.271)	Prec@5 87.500 (82.967)
Epoch [11] Training Results: Prec@1 53.305 Prec@5 82.960             Loss 1.69389
Epoch [11] Training Class Recall: [0.878,0.797,0.425,0.365,0.038,0.000,0.000,0.000,0.000,0.000]

Epoch: [12][0/97], lr: 0.01000	Loss 1.7885 (1.7885)	Prec@1 49.219 (49.219)	Prec@5 75.000 (75.000)
Epoch: [12][10/97], lr: 0.01000	Loss 1.7205 (1.7485)	Prec@1 52.344 (50.852)	Prec@5 83.594 (80.824)
Epoch: [12][20/97], lr: 0.01000	Loss 1.6779 (1.7180)	Prec@1 54.688 (51.525)	Prec@5 85.938 (82.440)
Epoch: [12][30/97], lr: 0.01000	Loss 1.5771 (1.7220)	Prec@1 58.594 (51.638)	Prec@5 88.281 (82.964)
Epoch: [12][40/97], lr: 0.01000	Loss 1.7414 (1.7063)	Prec@1 53.906 (52.477)	Prec@5 81.250 (83.289)
Epoch: [12][50/97], lr: 0.01000	Loss 1.6930 (1.7061)	Prec@1 50.781 (52.359)	Prec@5 82.812 (82.843)
Epoch: [12][60/97], lr: 0.01000	Loss 1.7675 (1.7101)	Prec@1 51.562 (52.446)	Prec@5 83.594 (82.851)
Epoch: [12][70/97], lr: 0.01000	Loss 1.7961 (1.7162)	Prec@1 53.906 (52.454)	Prec@5 84.375 (82.912)
Epoch: [12][80/97], lr: 0.01000	Loss 1.6881 (1.7079)	Prec@1 55.469 (53.038)	Prec@5 84.375 (83.111)
Epoch: [12][90/97], lr: 0.01000	Loss 1.8501 (1.7127)	Prec@1 51.562 (53.099)	Prec@5 78.125 (82.950)
Epoch [12] Training Results: Prec@1 53.168 Prec@5 82.960             Loss 1.71377
Epoch [12] Training Class Recall: [0.888,0.810,0.390,0.320,0.058,0.000,0.000,0.000,0.000,0.000]

Epoch: [13][0/97], lr: 0.01000	Loss 1.9473 (1.9473)	Prec@1 44.531 (44.531)	Prec@5 79.688 (79.688)
Epoch: [13][10/97], lr: 0.01000	Loss 1.7402 (1.7635)	Prec@1 46.875 (52.415)	Prec@5 84.375 (81.960)
Epoch: [13][20/97], lr: 0.01000	Loss 1.5497 (1.7002)	Prec@1 65.625 (54.688)	Prec@5 88.281 (82.217)
Epoch: [13][30/97], lr: 0.01000	Loss 1.5791 (1.6749)	Prec@1 56.250 (54.788)	Prec@5 85.156 (82.737)
Epoch: [13][40/97], lr: 0.01000	Loss 1.6896 (1.6882)	Prec@1 54.688 (54.840)	Prec@5 78.906 (82.584)
Epoch: [13][50/97], lr: 0.01000	Loss 1.5682 (1.6762)	Prec@1 55.469 (54.825)	Prec@5 82.031 (82.644)
Epoch: [13][60/97], lr: 0.01000	Loss 1.6315 (1.6773)	Prec@1 56.250 (55.072)	Prec@5 83.594 (82.608)
Epoch: [13][70/97], lr: 0.01000	Loss 1.7261 (1.6762)	Prec@1 59.375 (54.952)	Prec@5 84.375 (82.846)
Epoch: [13][80/97], lr: 0.01000	Loss 1.8168 (1.6868)	Prec@1 52.344 (54.581)	Prec@5 82.812 (82.919)
Epoch: [13][90/97], lr: 0.01000	Loss 1.7703 (1.6935)	Prec@1 54.688 (54.421)	Prec@5 79.688 (82.873)
Epoch [13] Training Results: Prec@1 54.401 Prec@5 82.831             Loss 1.69284
Epoch [13] Training Class Recall: [0.884,0.824,0.443,0.342,0.091,0.000,0.000,0.000,0.000,0.000]

Epoch: [14][0/97], lr: 0.01000	Loss 1.7302 (1.7302)	Prec@1 49.219 (49.219)	Prec@5 79.688 (79.688)
Epoch: [14][10/97], lr: 0.01000	Loss 1.7089 (1.6860)	Prec@1 53.906 (54.261)	Prec@5 85.156 (82.457)
Epoch: [14][20/97], lr: 0.01000	Loss 1.5422 (1.6678)	Prec@1 58.594 (54.799)	Prec@5 87.500 (83.185)
Epoch: [14][30/97], lr: 0.01000	Loss 1.6536 (1.6725)	Prec@1 50.781 (54.637)	Prec@5 81.250 (82.712)
Epoch: [14][40/97], lr: 0.01000	Loss 1.6252 (1.6699)	Prec@1 57.031 (54.992)	Prec@5 84.375 (82.889)
Epoch: [14][50/97], lr: 0.01000	Loss 1.7965 (1.6793)	Prec@1 50.781 (54.672)	Prec@5 82.812 (82.828)
Epoch: [14][60/97], lr: 0.01000	Loss 1.4525 (1.6816)	Prec@1 60.938 (54.585)	Prec@5 85.938 (82.966)
Epoch: [14][70/97], lr: 0.01000	Loss 1.8270 (1.6873)	Prec@1 51.562 (54.445)	Prec@5 83.594 (82.989)
Epoch: [14][80/97], lr: 0.01000	Loss 1.4693 (1.6868)	Prec@1 58.594 (54.408)	Prec@5 82.812 (82.822)
Epoch: [14][90/97], lr: 0.01000	Loss 1.8498 (1.6829)	Prec@1 46.094 (54.499)	Prec@5 82.812 (82.864)
Epoch [14] Training Results: Prec@1 54.595 Prec@5 83.049             Loss 1.68177
Epoch [14] Training Class Recall: [0.876,0.824,0.443,0.376,0.110,0.000,0.000,0.000,0.000,0.000]

Epoch: [15][0/97], lr: 0.01000	Loss 1.5566 (1.5566)	Prec@1 55.469 (55.469)	Prec@5 81.250 (81.250)
Epoch: [15][10/97], lr: 0.01000	Loss 1.5060 (1.6803)	Prec@1 58.594 (54.403)	Prec@5 89.062 (83.168)
Epoch: [15][20/97], lr: 0.01000	Loss 1.6663 (1.6823)	Prec@1 54.688 (54.501)	Prec@5 81.250 (82.812)
Epoch: [15][30/97], lr: 0.01000	Loss 1.7661 (1.6826)	Prec@1 55.469 (54.385)	Prec@5 85.156 (83.317)
Epoch: [15][40/97], lr: 0.01000	Loss 1.6032 (1.6738)	Prec@1 53.906 (54.726)	Prec@5 84.375 (82.927)
Epoch: [15][50/97], lr: 0.01000	Loss 1.8208 (1.6756)	Prec@1 46.875 (54.779)	Prec@5 85.156 (83.195)
Epoch: [15][60/97], lr: 0.01000	Loss 1.6099 (1.6660)	Prec@1 59.375 (54.880)	Prec@5 83.594 (83.350)
Epoch: [15][70/97], lr: 0.01000	Loss 1.7527 (1.6712)	Prec@1 55.469 (54.754)	Prec@5 86.719 (83.275)
Epoch: [15][80/97], lr: 0.01000	Loss 1.5928 (1.6743)	Prec@1 51.562 (54.485)	Prec@5 86.719 (83.314)
Epoch: [15][90/97], lr: 0.01000	Loss 1.8358 (1.6730)	Prec@1 48.438 (54.507)	Prec@5 75.000 (83.233)
Epoch [15] Training Results: Prec@1 54.514 Prec@5 83.282             Loss 1.67436
Epoch [15] Training Class Recall: [0.884,0.825,0.406,0.363,0.147,0.000,0.000,0.000,0.000,0.000]

Epoch: [16][0/97], lr: 0.01000	Loss 1.6645 (1.6645)	Prec@1 63.281 (63.281)	Prec@5 83.594 (83.594)
Epoch: [16][10/97], lr: 0.01000	Loss 1.7258 (1.6265)	Prec@1 57.031 (57.031)	Prec@5 82.812 (82.599)
Epoch: [16][20/97], lr: 0.01000	Loss 1.5425 (1.6580)	Prec@1 53.906 (56.436)	Prec@5 85.938 (82.999)
Epoch: [16][30/97], lr: 0.01000	Loss 1.7741 (1.6683)	Prec@1 46.094 (55.746)	Prec@5 83.594 (82.989)
Epoch: [16][40/97], lr: 0.01000	Loss 1.5824 (1.6656)	Prec@1 63.281 (56.059)	Prec@5 87.500 (83.365)
Epoch: [16][50/97], lr: 0.01000	Loss 1.7209 (1.6549)	Prec@1 56.250 (56.311)	Prec@5 81.250 (83.609)
Epoch: [16][60/97], lr: 0.01000	Loss 1.5522 (1.6654)	Prec@1 58.594 (56.071)	Prec@5 85.938 (83.607)
Epoch: [16][70/97], lr: 0.01000	Loss 1.8243 (1.6675)	Prec@1 51.562 (56.129)	Prec@5 81.250 (83.451)
Epoch: [16][80/97], lr: 0.01000	Loss 1.8155 (1.6751)	Prec@1 50.000 (55.893)	Prec@5 83.594 (83.285)
Epoch: [16][90/97], lr: 0.01000	Loss 1.8511 (1.6771)	Prec@1 50.781 (55.778)	Prec@5 82.031 (83.345)
Epoch [16] Training Results: Prec@1 55.771 Prec@5 83.452             Loss 1.67511
Epoch [16] Training Class Recall: [0.889,0.827,0.462,0.381,0.170,0.000,0.000,0.000,0.000,0.000]

Epoch: [17][0/97], lr: 0.01000	Loss 1.5908 (1.5908)	Prec@1 64.844 (64.844)	Prec@5 83.594 (83.594)
Epoch: [17][10/97], lr: 0.01000	Loss 1.5490 (1.6499)	Prec@1 60.156 (59.304)	Prec@5 80.469 (83.736)
Epoch: [17][20/97], lr: 0.01000	Loss 1.7046 (1.6545)	Prec@1 54.688 (58.110)	Prec@5 77.344 (83.519)
Epoch: [17][30/97], lr: 0.01000	Loss 1.8298 (1.6443)	Prec@1 46.875 (57.812)	Prec@5 81.250 (83.871)
Epoch: [17][40/97], lr: 0.01000	Loss 1.6730 (1.6672)	Prec@1 57.031 (56.669)	Prec@5 81.250 (83.403)
Epoch: [17][50/97], lr: 0.01000	Loss 1.6928 (1.6566)	Prec@1 51.562 (56.587)	Prec@5 85.938 (83.839)
Epoch: [17][60/97], lr: 0.01000	Loss 1.7483 (1.6685)	Prec@1 53.125 (56.416)	Prec@5 86.719 (83.824)
Epoch: [17][70/97], lr: 0.01000	Loss 1.8379 (1.6707)	Prec@1 46.094 (56.041)	Prec@5 78.125 (83.594)
Epoch: [17][80/97], lr: 0.01000	Loss 1.6070 (1.6756)	Prec@1 57.812 (55.768)	Prec@5 89.844 (83.497)
Epoch: [17][90/97], lr: 0.01000	Loss 1.5361 (1.6764)	Prec@1 57.031 (55.855)	Prec@5 87.500 (83.474)
Epoch [17] Training Results: Prec@1 55.981 Prec@5 83.435             Loss 1.67403
Epoch [17] Training Class Recall: [0.894,0.836,0.462,0.369,0.164,0.000,0.000,0.000,0.000,0.000]

Epoch: [18][0/97], lr: 0.01000	Loss 1.6466 (1.6466)	Prec@1 59.375 (59.375)	Prec@5 78.906 (78.906)
Epoch: [18][10/97], lr: 0.01000	Loss 1.7259 (1.7054)	Prec@1 60.938 (56.676)	Prec@5 85.938 (82.457)
Epoch: [18][20/97], lr: 0.01000	Loss 1.7282 (1.6654)	Prec@1 60.156 (57.701)	Prec@5 81.250 (83.594)
Epoch: [18][30/97], lr: 0.01000	Loss 1.6597 (1.6820)	Prec@1 52.344 (56.225)	Prec@5 80.469 (83.443)
Epoch: [18][40/97], lr: 0.01000	Loss 1.8288 (1.6849)	Prec@1 47.656 (56.136)	Prec@5 78.125 (83.327)
Epoch: [18][50/97], lr: 0.01000	Loss 1.7949 (1.6777)	Prec@1 54.688 (56.281)	Prec@5 85.938 (83.379)
Epoch: [18][60/97], lr: 0.01000	Loss 1.6142 (1.6870)	Prec@1 57.031 (55.917)	Prec@5 82.812 (83.158)
Epoch: [18][70/97], lr: 0.01000	Loss 1.7453 (1.6885)	Prec@1 55.469 (55.799)	Prec@5 82.031 (83.165)
Epoch: [18][80/97], lr: 0.01000	Loss 1.7484 (1.6833)	Prec@1 53.906 (55.855)	Prec@5 84.375 (83.275)
Epoch: [18][90/97], lr: 0.01000	Loss 1.5521 (1.6751)	Prec@1 58.594 (56.130)	Prec@5 83.594 (83.465)
Epoch [18] Training Results: Prec@1 56.271 Prec@5 83.524             Loss 1.66981
Epoch [18] Training Class Recall: [0.886,0.831,0.489,0.403,0.161,0.000,0.008,0.000,0.000,0.000]

Epoch: [19][0/97], lr: 0.01000	Loss 1.7817 (1.7817)	Prec@1 53.906 (53.906)	Prec@5 78.906 (78.906)
Epoch: [19][10/97], lr: 0.01000	Loss 1.6805 (1.6769)	Prec@1 54.688 (55.043)	Prec@5 83.594 (82.884)
Epoch: [19][20/97], lr: 0.01000	Loss 1.5373 (1.6518)	Prec@1 54.688 (55.915)	Prec@5 85.156 (83.854)
Epoch: [19][30/97], lr: 0.01000	Loss 1.7540 (1.6722)	Prec@1 51.562 (56.376)	Prec@5 82.031 (83.594)
Epoch: [19][40/97], lr: 0.01000	Loss 1.6602 (1.6642)	Prec@1 59.375 (56.688)	Prec@5 80.469 (83.575)
Epoch: [19][50/97], lr: 0.01000	Loss 1.7299 (1.6692)	Prec@1 56.250 (56.250)	Prec@5 82.812 (83.211)
Epoch: [19][60/97], lr: 0.01000	Loss 1.6225 (1.6690)	Prec@1 49.219 (55.879)	Prec@5 82.031 (83.402)
Epoch: [19][70/97], lr: 0.01000	Loss 1.5541 (1.6689)	Prec@1 58.594 (56.030)	Prec@5 88.281 (83.451)
Epoch: [19][80/97], lr: 0.01000	Loss 1.4766 (1.6655)	Prec@1 66.406 (56.318)	Prec@5 91.406 (83.497)
Epoch: [19][90/97], lr: 0.01000	Loss 1.6204 (1.6589)	Prec@1 57.031 (56.568)	Prec@5 85.938 (83.534)
Epoch [19] Training Results: Prec@1 56.529 Prec@5 83.637             Loss 1.65881
Epoch [19] Training Class Recall: [0.891,0.843,0.464,0.396,0.193,0.000,0.016,0.000,0.000,0.000]

Epoch: [20][0/97], lr: 0.01000	Loss 1.6215 (1.6215)	Prec@1 60.938 (60.938)	Prec@5 86.719 (86.719)
Epoch: [20][10/97], lr: 0.01000	Loss 1.5922 (1.6442)	Prec@1 56.250 (58.452)	Prec@5 82.031 (84.801)
Epoch: [20][20/97], lr: 0.01000	Loss 1.7001 (1.6364)	Prec@1 53.125 (57.626)	Prec@5 82.812 (84.226)
Epoch: [20][30/97], lr: 0.01000	Loss 1.7145 (1.6260)	Prec@1 60.156 (57.812)	Prec@5 85.156 (84.022)
Epoch: [20][40/97], lr: 0.01000	Loss 1.6863 (1.6420)	Prec@1 55.469 (57.203)	Prec@5 85.938 (83.899)
Epoch: [20][50/97], lr: 0.01000	Loss 1.6512 (1.6551)	Prec@1 54.688 (57.016)	Prec@5 84.375 (83.824)
Epoch: [20][60/97], lr: 0.01000	Loss 1.8207 (1.6517)	Prec@1 57.812 (57.287)	Prec@5 73.438 (83.786)
Epoch: [20][70/97], lr: 0.01000	Loss 1.7597 (1.6540)	Prec@1 53.125 (57.108)	Prec@5 75.781 (83.616)
Epoch: [20][80/97], lr: 0.01000	Loss 1.8170 (1.6519)	Prec@1 50.781 (57.321)	Prec@5 82.812 (83.854)
Epoch: [20][90/97], lr: 0.01000	Loss 1.5827 (1.6492)	Prec@1 53.125 (57.426)	Prec@5 80.469 (84.006)
Epoch [20] Training Results: Prec@1 57.158 Prec@5 83.895             Loss 1.65102
Epoch [20] Training Class Recall: [0.892,0.841,0.484,0.402,0.239,0.000,0.024,0.000,0.000,0.000]

Epoch: [21][0/97], lr: 0.01000	Loss 1.7496 (1.7496)	Prec@1 58.594 (58.594)	Prec@5 84.375 (84.375)
Epoch: [21][10/97], lr: 0.01000	Loss 1.6868 (1.6444)	Prec@1 56.250 (58.594)	Prec@5 84.375 (84.233)
Epoch: [21][20/97], lr: 0.01000	Loss 1.6451 (1.6333)	Prec@1 59.375 (58.631)	Prec@5 85.156 (84.598)
Epoch: [21][30/97], lr: 0.01000	Loss 1.4834 (1.6308)	Prec@1 64.844 (58.291)	Prec@5 85.156 (84.249)
Epoch: [21][40/97], lr: 0.01000	Loss 1.4548 (1.6257)	Prec@1 69.531 (58.365)	Prec@5 89.062 (84.585)
Epoch: [21][50/97], lr: 0.01000	Loss 1.3915 (1.6335)	Prec@1 60.938 (58.272)	Prec@5 89.844 (84.436)
Epoch: [21][60/97], lr: 0.01000	Loss 1.7807 (1.6344)	Prec@1 57.031 (58.210)	Prec@5 84.375 (84.324)
Epoch: [21][70/97], lr: 0.01000	Loss 1.6967 (1.6286)	Prec@1 56.250 (58.319)	Prec@5 85.156 (84.408)
Epoch: [21][80/97], lr: 0.01000	Loss 1.6956 (1.6346)	Prec@1 54.688 (58.083)	Prec@5 80.469 (84.240)
Epoch: [21][90/97], lr: 0.01000	Loss 1.6870 (1.6338)	Prec@1 57.812 (58.130)	Prec@5 81.250 (84.255)
Epoch [21] Training Results: Prec@1 57.932 Prec@5 84.129             Loss 1.63498
Epoch [21] Training Class Recall: [0.892,0.840,0.493,0.453,0.245,0.003,0.057,0.000,0.000,0.000]

Epoch: [22][0/97], lr: 0.01000	Loss 1.5958 (1.5958)	Prec@1 60.938 (60.938)	Prec@5 85.938 (85.938)
Epoch: [22][10/97], lr: 0.01000	Loss 1.5884 (1.6619)	Prec@1 60.938 (57.244)	Prec@5 85.156 (83.878)
Epoch: [22][20/97], lr: 0.01000	Loss 1.8636 (1.6335)	Prec@1 53.125 (58.147)	Prec@5 81.250 (84.115)
Epoch: [22][30/97], lr: 0.01000	Loss 1.8010 (1.6320)	Prec@1 56.250 (58.543)	Prec@5 84.375 (84.400)
Epoch: [22][40/97], lr: 0.01000	Loss 1.3828 (1.6309)	Prec@1 63.281 (58.213)	Prec@5 87.500 (84.223)
Epoch: [22][50/97], lr: 0.01000	Loss 1.7316 (1.6370)	Prec@1 55.469 (58.195)	Prec@5 81.250 (84.375)
Epoch: [22][60/97], lr: 0.01000	Loss 1.6326 (1.6391)	Prec@1 54.688 (58.056)	Prec@5 83.594 (84.221)
Epoch: [22][70/97], lr: 0.01000	Loss 1.5958 (1.6376)	Prec@1 55.469 (57.989)	Prec@5 84.375 (84.144)
Epoch: [22][80/97], lr: 0.01000	Loss 1.3370 (1.6337)	Prec@1 62.500 (58.131)	Prec@5 87.500 (84.336)
Epoch: [22][90/97], lr: 0.01000	Loss 1.7953 (1.6385)	Prec@1 58.594 (58.010)	Prec@5 82.031 (84.418)
Epoch [22] Training Results: Prec@1 58.117 Prec@5 84.379             Loss 1.63738
Epoch [22] Training Class Recall: [0.900,0.842,0.494,0.422,0.265,0.000,0.067,0.000,0.000,0.000]

Epoch: [23][0/97], lr: 0.01000	Loss 1.8471 (1.8471)	Prec@1 49.219 (49.219)	Prec@5 80.469 (80.469)
Epoch: [23][10/97], lr: 0.01000	Loss 1.7232 (1.6118)	Prec@1 57.031 (57.955)	Prec@5 83.594 (84.659)
Epoch: [23][20/97], lr: 0.01000	Loss 1.6402 (1.6148)	Prec@1 60.938 (58.891)	Prec@5 84.375 (85.231)
Epoch: [23][30/97], lr: 0.01000	Loss 1.7444 (1.6314)	Prec@1 64.844 (58.846)	Prec@5 83.594 (84.778)
Epoch: [23][40/97], lr: 0.01000	Loss 1.7084 (1.6225)	Prec@1 57.812 (59.261)	Prec@5 83.594 (84.756)
Epoch: [23][50/97], lr: 0.01000	Loss 1.7091 (1.6254)	Prec@1 65.625 (58.961)	Prec@5 86.719 (84.421)
Epoch: [23][60/97], lr: 0.01000	Loss 1.3477 (1.6310)	Prec@1 63.281 (58.658)	Prec@5 89.844 (84.541)
Epoch: [23][70/97], lr: 0.01000	Loss 1.7049 (1.6251)	Prec@1 57.031 (58.770)	Prec@5 86.719 (84.804)
Epoch: [23][80/97], lr: 0.01000	Loss 1.7281 (1.6341)	Prec@1 59.375 (58.816)	Prec@5 84.375 (84.635)
Epoch: [23][90/97], lr: 0.01000	Loss 1.6805 (1.6371)	Prec@1 55.469 (58.491)	Prec@5 84.375 (84.469)
Epoch [23] Training Results: Prec@1 58.520 Prec@5 84.451             Loss 1.63455
Epoch [23] Training Class Recall: [0.900,0.843,0.521,0.438,0.234,0.003,0.084,0.000,0.000,0.000]

Epoch: [24][0/97], lr: 0.01000	Loss 1.4953 (1.4953)	Prec@1 63.281 (63.281)	Prec@5 84.375 (84.375)
Epoch: [24][10/97], lr: 0.01000	Loss 1.5640 (1.6046)	Prec@1 60.938 (61.151)	Prec@5 82.031 (84.517)
Epoch: [24][20/97], lr: 0.01000	Loss 1.7577 (1.6385)	Prec@1 52.344 (59.710)	Prec@5 79.688 (84.077)
Epoch: [24][30/97], lr: 0.01000	Loss 1.7042 (1.6333)	Prec@1 57.031 (58.871)	Prec@5 80.469 (84.173)
Epoch: [24][40/97], lr: 0.01000	Loss 1.6893 (1.6460)	Prec@1 61.719 (58.327)	Prec@5 81.250 (83.899)
Epoch: [24][50/97], lr: 0.01000	Loss 1.6265 (1.6271)	Prec@1 62.500 (58.778)	Prec@5 83.594 (84.390)
Epoch: [24][60/97], lr: 0.01000	Loss 1.6140 (1.6276)	Prec@1 60.156 (58.735)	Prec@5 88.281 (84.439)
Epoch: [24][70/97], lr: 0.01000	Loss 1.4762 (1.6155)	Prec@1 64.062 (58.924)	Prec@5 86.719 (84.639)
Epoch: [24][80/97], lr: 0.01000	Loss 1.6853 (1.6170)	Prec@1 65.625 (58.941)	Prec@5 85.156 (84.761)
Epoch: [24][90/97], lr: 0.01000	Loss 1.5549 (1.6185)	Prec@1 57.812 (58.903)	Prec@5 88.281 (84.590)
Epoch [24] Training Results: Prec@1 58.971 Prec@5 84.628             Loss 1.61982
Epoch [24] Training Class Recall: [0.900,0.852,0.513,0.438,0.263,0.024,0.096,0.004,0.000,0.000]

Epoch: [25][0/97], lr: 0.01000	Loss 1.5629 (1.5629)	Prec@1 63.281 (63.281)	Prec@5 82.031 (82.031)
Epoch: [25][10/97], lr: 0.01000	Loss 1.6495 (1.6483)	Prec@1 56.250 (59.517)	Prec@5 82.812 (84.375)
Epoch: [25][20/97], lr: 0.01000	Loss 1.5058 (1.6063)	Prec@1 60.938 (60.119)	Prec@5 87.500 (84.301)
Epoch: [25][30/97], lr: 0.01000	Loss 1.5992 (1.6020)	Prec@1 61.719 (60.131)	Prec@5 89.062 (84.526)
Epoch: [25][40/97], lr: 0.01000	Loss 1.8039 (1.6156)	Prec@1 58.594 (59.870)	Prec@5 82.812 (84.680)
Epoch: [25][50/97], lr: 0.01000	Loss 1.6406 (1.6138)	Prec@1 56.250 (59.804)	Prec@5 84.375 (84.758)
Epoch: [25][60/97], lr: 0.01000	Loss 1.5126 (1.6062)	Prec@1 61.719 (60.284)	Prec@5 83.594 (85.028)
Epoch: [25][70/97], lr: 0.01000	Loss 1.6662 (1.6156)	Prec@1 56.250 (59.815)	Prec@5 85.938 (84.837)
Epoch: [25][80/97], lr: 0.01000	Loss 1.8988 (1.6231)	Prec@1 50.000 (59.481)	Prec@5 78.125 (84.626)
Epoch: [25][90/97], lr: 0.01000	Loss 1.6572 (1.6221)	Prec@1 63.281 (59.675)	Prec@5 85.938 (84.718)
Epoch [25] Training Results: Prec@1 59.512 Prec@5 84.773             Loss 1.62612
Epoch [25] Training Class Recall: [0.905,0.853,0.537,0.452,0.276,0.003,0.092,0.000,0.000,0.000]

Epoch: [26][0/97], lr: 0.01000	Loss 1.7848 (1.7848)	Prec@1 54.688 (54.688)	Prec@5 82.812 (82.812)
Epoch: [26][10/97], lr: 0.01000	Loss 1.7477 (1.5900)	Prec@1 58.594 (60.795)	Prec@5 82.031 (85.156)
Epoch: [26][20/97], lr: 0.01000	Loss 1.5385 (1.6045)	Prec@1 61.719 (59.598)	Prec@5 86.719 (84.747)
Epoch: [26][30/97], lr: 0.01000	Loss 1.6215 (1.5885)	Prec@1 64.062 (60.181)	Prec@5 86.719 (84.904)
Epoch: [26][40/97], lr: 0.01000	Loss 1.5342 (1.5994)	Prec@1 67.188 (60.042)	Prec@5 83.594 (84.775)
Epoch: [26][50/97], lr: 0.01000	Loss 1.4057 (1.6072)	Prec@1 64.844 (59.635)	Prec@5 85.938 (84.589)
Epoch: [26][60/97], lr: 0.01000	Loss 1.5610 (1.6127)	Prec@1 68.750 (59.618)	Prec@5 89.062 (84.670)
Epoch: [26][70/97], lr: 0.01000	Loss 1.7800 (1.6182)	Prec@1 57.812 (59.639)	Prec@5 75.000 (84.771)
Epoch: [26][80/97], lr: 0.01000	Loss 1.8431 (1.6201)	Prec@1 50.781 (59.703)	Prec@5 79.688 (84.655)
Epoch: [26][90/97], lr: 0.01000	Loss 1.6731 (1.6173)	Prec@1 56.250 (59.804)	Prec@5 89.062 (84.675)
Epoch [26] Training Results: Prec@1 59.866 Prec@5 84.661             Loss 1.61794
Epoch [26] Training Class Recall: [0.903,0.856,0.534,0.457,0.312,0.019,0.100,0.002,0.000,0.000]

Epoch: [27][0/97], lr: 0.01000	Loss 1.6332 (1.6332)	Prec@1 63.281 (63.281)	Prec@5 85.156 (85.156)
Epoch: [27][10/97], lr: 0.01000	Loss 1.6303 (1.6125)	Prec@1 60.156 (60.369)	Prec@5 85.156 (83.878)
Epoch: [27][20/97], lr: 0.01000	Loss 1.7440 (1.6239)	Prec@1 54.688 (59.933)	Prec@5 82.031 (83.817)
Epoch: [27][30/97], lr: 0.01000	Loss 1.8581 (1.6373)	Prec@1 56.250 (59.123)	Prec@5 81.250 (84.073)
Epoch: [27][40/97], lr: 0.01000	Loss 1.6850 (1.6202)	Prec@1 60.156 (60.099)	Prec@5 84.375 (84.680)
Epoch: [27][50/97], lr: 0.01000	Loss 1.5979 (1.6161)	Prec@1 58.594 (60.340)	Prec@5 81.250 (84.896)
Epoch: [27][60/97], lr: 0.01000	Loss 1.7457 (1.6198)	Prec@1 60.156 (60.220)	Prec@5 85.938 (84.836)
Epoch: [27][70/97], lr: 0.01000	Loss 1.5321 (1.6179)	Prec@1 60.156 (60.156)	Prec@5 85.156 (84.738)
Epoch: [27][80/97], lr: 0.01000	Loss 1.4016 (1.6085)	Prec@1 66.406 (60.465)	Prec@5 89.062 (84.954)
Epoch: [27][90/97], lr: 0.01000	Loss 1.7190 (1.6124)	Prec@1 56.250 (60.285)	Prec@5 85.156 (84.899)
Epoch [27] Training Results: Prec@1 60.108 Prec@5 84.919             Loss 1.61641
Epoch [27] Training Class Recall: [0.902,0.858,0.544,0.449,0.324,0.024,0.106,0.006,0.000,0.000]

Epoch: [28][0/97], lr: 0.01000	Loss 1.6576 (1.6576)	Prec@1 57.031 (57.031)	Prec@5 87.500 (87.500)
Epoch: [28][10/97], lr: 0.01000	Loss 1.6380 (1.6515)	Prec@1 50.781 (57.599)	Prec@5 81.250 (84.943)
Epoch: [28][20/97], lr: 0.01000	Loss 1.4911 (1.6016)	Prec@1 64.844 (59.784)	Prec@5 83.594 (84.933)
Epoch: [28][30/97], lr: 0.01000	Loss 1.5768 (1.6024)	Prec@1 60.938 (60.459)	Prec@5 85.156 (84.955)
Epoch: [28][40/97], lr: 0.01000	Loss 1.6706 (1.6287)	Prec@1 61.719 (59.451)	Prec@5 81.250 (84.756)
Epoch: [28][50/97], lr: 0.01000	Loss 1.5613 (1.6310)	Prec@1 54.688 (59.176)	Prec@5 87.500 (84.528)
Epoch: [28][60/97], lr: 0.01000	Loss 1.5785 (1.6119)	Prec@1 67.969 (59.836)	Prec@5 85.156 (84.746)
Epoch: [28][70/97], lr: 0.01000	Loss 1.6313 (1.6184)	Prec@1 58.594 (59.826)	Prec@5 84.375 (84.826)
Epoch: [28][80/97], lr: 0.01000	Loss 1.7967 (1.6182)	Prec@1 57.031 (59.934)	Prec@5 84.375 (84.799)
Epoch: [28][90/97], lr: 0.01000	Loss 1.5141 (1.6190)	Prec@1 60.938 (60.105)	Prec@5 83.594 (84.847)
Epoch [28] Training Results: Prec@1 60.172 Prec@5 84.741             Loss 1.62112
Epoch [28] Training Class Recall: [0.901,0.855,0.556,0.473,0.287,0.027,0.118,0.002,0.000,0.000]

Epoch: [29][0/97], lr: 0.01000	Loss 1.5321 (1.5321)	Prec@1 67.188 (67.188)	Prec@5 85.156 (85.156)
Epoch: [29][10/97], lr: 0.01000	Loss 1.6909 (1.5666)	Prec@1 58.594 (59.304)	Prec@5 83.594 (85.511)
Epoch: [29][20/97], lr: 0.01000	Loss 1.6075 (1.5906)	Prec@1 63.281 (59.561)	Prec@5 89.062 (85.007)
Epoch: [29][30/97], lr: 0.01000	Loss 1.6200 (1.5951)	Prec@1 56.250 (59.980)	Prec@5 78.125 (85.257)
Epoch: [29][40/97], lr: 0.01000	Loss 1.7023 (1.6068)	Prec@1 60.156 (59.947)	Prec@5 85.156 (85.099)
Epoch: [29][50/97], lr: 0.01000	Loss 1.6435 (1.6154)	Prec@1 63.281 (60.325)	Prec@5 85.156 (85.156)
Epoch: [29][60/97], lr: 0.01000	Loss 1.5828 (1.6091)	Prec@1 61.719 (60.605)	Prec@5 82.031 (85.259)
Epoch: [29][70/97], lr: 0.01000	Loss 1.7540 (1.6178)	Prec@1 57.812 (60.464)	Prec@5 83.594 (85.057)
Epoch: [29][80/97], lr: 0.01000	Loss 1.5595 (1.6203)	Prec@1 62.500 (60.484)	Prec@5 87.500 (84.925)
Epoch: [29][90/97], lr: 0.01000	Loss 1.7072 (1.6189)	Prec@1 61.719 (60.431)	Prec@5 85.938 (84.813)
Epoch [29] Training Results: Prec@1 60.559 Prec@5 84.685             Loss 1.61845
Epoch [29] Training Class Recall: [0.911,0.866,0.541,0.450,0.310,0.044,0.102,0.019,0.000,0.000]

Epoch: [30][0/97], lr: 0.01000	Loss 1.8836 (1.8836)	Prec@1 57.812 (57.812)	Prec@5 80.469 (80.469)
Epoch: [30][10/97], lr: 0.01000	Loss 1.7012 (1.5944)	Prec@1 59.375 (59.730)	Prec@5 82.031 (84.659)
Epoch: [30][20/97], lr: 0.01000	Loss 1.5847 (1.6255)	Prec@1 64.062 (60.417)	Prec@5 84.375 (84.896)
Epoch: [30][30/97], lr: 0.01000	Loss 1.6930 (1.6303)	Prec@1 60.938 (60.358)	Prec@5 80.469 (84.400)
Epoch: [30][40/97], lr: 0.01000	Loss 1.7267 (1.6400)	Prec@1 57.812 (60.194)	Prec@5 86.719 (84.451)
Epoch: [30][50/97], lr: 0.01000	Loss 1.2047 (1.6188)	Prec@1 64.844 (60.187)	Prec@5 89.062 (84.712)
Epoch: [30][60/97], lr: 0.01000	Loss 1.5098 (1.6144)	Prec@1 59.375 (60.617)	Prec@5 86.719 (85.143)
Epoch: [30][70/97], lr: 0.01000	Loss 1.7420 (1.6121)	Prec@1 60.156 (60.409)	Prec@5 79.688 (84.925)
Epoch: [30][80/97], lr: 0.01000	Loss 1.5691 (1.6106)	Prec@1 60.156 (60.552)	Prec@5 86.719 (84.983)
Epoch: [30][90/97], lr: 0.01000	Loss 1.5689 (1.6096)	Prec@1 63.281 (60.766)	Prec@5 85.938 (85.002)
Epoch [30] Training Results: Prec@1 60.592 Prec@5 84.870             Loss 1.61420
Epoch [30] Training Class Recall: [0.905,0.860,0.552,0.460,0.316,0.057,0.126,0.002,0.000,0.000]

Epoch: [31][0/97], lr: 0.01000	Loss 1.9006 (1.9006)	Prec@1 54.688 (54.688)	Prec@5 81.250 (81.250)
Epoch: [31][10/97], lr: 0.01000	Loss 1.5940 (1.6864)	Prec@1 60.938 (61.364)	Prec@5 89.844 (85.511)
Epoch: [31][20/97], lr: 0.01000	Loss 1.6499 (1.6641)	Prec@1 64.844 (60.491)	Prec@5 89.844 (85.826)
Epoch: [31][30/97], lr: 0.01000	Loss 1.7060 (1.6591)	Prec@1 60.938 (60.610)	Prec@5 81.250 (85.459)
Epoch: [31][40/97], lr: 0.01000	Loss 1.6002 (1.6481)	Prec@1 54.688 (61.014)	Prec@5 79.688 (85.061)
Epoch: [31][50/97], lr: 0.01000	Loss 1.6623 (1.6343)	Prec@1 67.969 (61.198)	Prec@5 86.719 (85.172)
Epoch: [31][60/97], lr: 0.01000	Loss 1.6054 (1.6395)	Prec@1 59.375 (61.142)	Prec@5 85.938 (85.067)
Epoch: [31][70/97], lr: 0.01000	Loss 1.4384 (1.6378)	Prec@1 65.625 (61.059)	Prec@5 89.844 (85.156)
Epoch: [31][80/97], lr: 0.01000	Loss 1.6927 (1.6435)	Prec@1 59.375 (60.667)	Prec@5 87.500 (84.983)
Epoch: [31][90/97], lr: 0.01000	Loss 1.6321 (1.6310)	Prec@1 67.969 (60.749)	Prec@5 85.938 (85.088)
Epoch [31] Training Results: Prec@1 60.680 Prec@5 85.088             Loss 1.62912
Epoch [31] Training Class Recall: [0.912,0.856,0.541,0.457,0.344,0.053,0.102,0.004,0.000,0.000]

Epoch: [32][0/97], lr: 0.01000	Loss 1.6232 (1.6232)	Prec@1 64.062 (64.062)	Prec@5 85.156 (85.156)
Epoch: [32][10/97], lr: 0.01000	Loss 1.6058 (1.6124)	Prec@1 59.375 (62.429)	Prec@5 82.812 (84.730)
Epoch: [32][20/97], lr: 0.01000	Loss 1.6253 (1.5877)	Prec@1 57.031 (62.091)	Prec@5 84.375 (84.859)
Epoch: [32][30/97], lr: 0.01000	Loss 1.5659 (1.6190)	Prec@1 71.094 (61.290)	Prec@5 91.406 (84.879)
Epoch: [32][40/97], lr: 0.01000	Loss 1.7043 (1.6120)	Prec@1 58.594 (61.414)	Prec@5 84.375 (84.832)
Epoch: [32][50/97], lr: 0.01000	Loss 1.5734 (1.5995)	Prec@1 64.062 (61.703)	Prec@5 85.938 (84.835)
Epoch: [32][60/97], lr: 0.01000	Loss 1.8501 (1.6083)	Prec@1 53.906 (61.539)	Prec@5 80.469 (84.849)
Epoch: [32][70/97], lr: 0.01000	Loss 1.3425 (1.5935)	Prec@1 70.312 (61.576)	Prec@5 86.719 (85.090)
Epoch: [32][80/97], lr: 0.01000	Loss 1.7901 (1.5968)	Prec@1 55.469 (61.526)	Prec@5 85.156 (85.147)
Epoch: [32][90/97], lr: 0.01000	Loss 1.6033 (1.6050)	Prec@1 59.375 (61.264)	Prec@5 85.938 (85.096)
Epoch [32] Training Results: Prec@1 61.398 Prec@5 85.072             Loss 1.60162
Epoch [32] Training Class Recall: [0.914,0.861,0.559,0.480,0.328,0.083,0.118,0.013,0.000,0.000]

Epoch: [33][0/97], lr: 0.01000	Loss 1.6502 (1.6502)	Prec@1 61.719 (61.719)	Prec@5 82.031 (82.031)
Epoch: [33][10/97], lr: 0.01000	Loss 1.4271 (1.6150)	Prec@1 60.156 (59.943)	Prec@5 88.281 (85.938)
Epoch: [33][20/97], lr: 0.01000	Loss 1.6212 (1.6183)	Prec@1 67.969 (61.533)	Prec@5 87.500 (85.789)
Epoch: [33][30/97], lr: 0.01000	Loss 1.4948 (1.6207)	Prec@1 66.406 (62.097)	Prec@5 84.375 (85.912)
Epoch: [33][40/97], lr: 0.01000	Loss 1.6604 (1.6198)	Prec@1 55.469 (61.700)	Prec@5 85.938 (85.595)
Epoch: [33][50/97], lr: 0.01000	Loss 1.5306 (1.6163)	Prec@1 58.594 (61.535)	Prec@5 85.156 (85.447)
Epoch: [33][60/97], lr: 0.01000	Loss 1.8343 (1.6162)	Prec@1 48.438 (61.066)	Prec@5 83.594 (85.323)
Epoch: [33][70/97], lr: 0.01000	Loss 1.7815 (1.6181)	Prec@1 59.375 (60.926)	Prec@5 84.375 (85.200)
Epoch: [33][80/97], lr: 0.01000	Loss 1.7334 (1.6117)	Prec@1 58.594 (61.265)	Prec@5 85.938 (85.282)
Epoch: [33][90/97], lr: 0.01000	Loss 1.4878 (1.6127)	Prec@1 59.375 (61.238)	Prec@5 85.156 (85.079)
Epoch [33] Training Results: Prec@1 61.196 Prec@5 84.991             Loss 1.61212
Epoch [33] Training Class Recall: [0.907,0.862,0.558,0.483,0.333,0.060,0.118,0.025,0.000,0.000]

Epoch: [34][0/97], lr: 0.01000	Loss 1.6170 (1.6170)	Prec@1 64.844 (64.844)	Prec@5 87.500 (87.500)
Epoch: [34][10/97], lr: 0.01000	Loss 1.6584 (1.5632)	Prec@1 60.156 (62.784)	Prec@5 85.156 (86.719)
Epoch: [34][20/97], lr: 0.01000	Loss 1.6972 (1.5751)	Prec@1 58.594 (62.872)	Prec@5 85.938 (86.496)
Epoch: [34][30/97], lr: 0.01000	Loss 1.6245 (1.5757)	Prec@1 53.906 (62.374)	Prec@5 83.594 (86.164)
Epoch: [34][40/97], lr: 0.01000	Loss 1.5133 (1.5673)	Prec@1 60.156 (62.462)	Prec@5 83.594 (86.014)
Epoch: [34][50/97], lr: 0.01000	Loss 1.3783 (1.5706)	Prec@1 66.406 (62.331)	Prec@5 86.719 (85.723)
Epoch: [34][60/97], lr: 0.01000	Loss 1.6221 (1.5761)	Prec@1 57.812 (61.988)	Prec@5 82.031 (85.669)
Epoch: [34][70/97], lr: 0.01000	Loss 1.6676 (1.5830)	Prec@1 59.375 (61.763)	Prec@5 82.812 (85.376)
Epoch: [34][80/97], lr: 0.01000	Loss 1.6986 (1.5816)	Prec@1 54.688 (61.989)	Prec@5 77.344 (85.561)
Epoch: [34][90/97], lr: 0.01000	Loss 1.4825 (1.5886)	Prec@1 58.594 (61.710)	Prec@5 81.250 (85.328)
Epoch [34] Training Results: Prec@1 61.502 Prec@5 85.193             Loss 1.59311
Epoch [34] Training Class Recall: [0.908,0.862,0.567,0.487,0.327,0.094,0.118,0.025,0.000,0.000]

Epoch: [35][0/97], lr: 0.01000	Loss 1.6019 (1.6019)	Prec@1 56.250 (56.250)	Prec@5 85.156 (85.156)
Epoch: [35][10/97], lr: 0.01000	Loss 1.4540 (1.5298)	Prec@1 64.844 (61.222)	Prec@5 86.719 (85.511)
Epoch: [35][20/97], lr: 0.01000	Loss 1.6776 (1.6000)	Prec@1 67.188 (61.272)	Prec@5 87.500 (85.677)
Epoch: [35][30/97], lr: 0.01000	Loss 1.5441 (1.5934)	Prec@1 64.844 (61.719)	Prec@5 86.719 (85.660)
Epoch: [35][40/97], lr: 0.01000	Loss 1.3528 (1.5886)	Prec@1 68.750 (61.871)	Prec@5 89.062 (85.938)
Epoch: [35][50/97], lr: 0.01000	Loss 1.6844 (1.5738)	Prec@1 60.938 (62.745)	Prec@5 82.031 (86.213)
Epoch: [35][60/97], lr: 0.01000	Loss 1.6372 (1.5824)	Prec@1 66.406 (62.666)	Prec@5 86.719 (86.194)
Epoch: [35][70/97], lr: 0.01000	Loss 1.7205 (1.5869)	Prec@1 62.500 (62.313)	Prec@5 85.156 (85.904)
Epoch: [35][80/97], lr: 0.01000	Loss 1.6401 (1.5895)	Prec@1 60.938 (62.162)	Prec@5 89.062 (85.841)
Epoch: [35][90/97], lr: 0.01000	Loss 1.4762 (1.5880)	Prec@1 57.031 (62.260)	Prec@5 87.500 (85.895)
Epoch [35] Training Results: Prec@1 62.155 Prec@5 85.902             Loss 1.59027
Epoch [35] Training Class Recall: [0.913,0.862,0.587,0.471,0.362,0.116,0.110,0.035,0.000,0.000]

Epoch: [36][0/97], lr: 0.01000	Loss 1.5553 (1.5553)	Prec@1 66.406 (66.406)	Prec@5 85.938 (85.938)
Epoch: [36][10/97], lr: 0.01000	Loss 1.4653 (1.5680)	Prec@1 60.938 (62.642)	Prec@5 87.500 (85.511)
Epoch: [36][20/97], lr: 0.01000	Loss 1.3982 (1.5874)	Prec@1 67.188 (63.318)	Prec@5 85.938 (85.938)
Epoch: [36][30/97], lr: 0.01000	Loss 1.5493 (1.5949)	Prec@1 63.281 (62.853)	Prec@5 86.719 (85.635)
Epoch: [36][40/97], lr: 0.01000	Loss 1.6366 (1.5896)	Prec@1 60.156 (62.748)	Prec@5 87.500 (85.633)
Epoch: [36][50/97], lr: 0.01000	Loss 1.7797 (1.5911)	Prec@1 55.469 (62.822)	Prec@5 80.469 (85.754)
Epoch: [36][60/97], lr: 0.01000	Loss 1.3334 (1.5831)	Prec@1 63.281 (62.577)	Prec@5 88.281 (85.733)
Epoch: [36][70/97], lr: 0.01000	Loss 1.7870 (1.5876)	Prec@1 56.250 (62.225)	Prec@5 83.594 (85.519)
Epoch: [36][80/97], lr: 0.01000	Loss 1.6352 (1.5906)	Prec@1 62.500 (62.317)	Prec@5 89.062 (85.561)
Epoch: [36][90/97], lr: 0.01000	Loss 1.4620 (1.5882)	Prec@1 64.062 (62.285)	Prec@5 87.500 (85.611)
Epoch [36] Training Results: Prec@1 62.091 Prec@5 85.507             Loss 1.59103
Epoch [36] Training Class Recall: [0.909,0.864,0.586,0.469,0.352,0.123,0.128,0.044,0.000,0.000]

Epoch: [37][0/97], lr: 0.01000	Loss 1.4100 (1.4100)	Prec@1 71.875 (71.875)	Prec@5 89.844 (89.844)
Epoch: [37][10/97], lr: 0.01000	Loss 1.5830 (1.6568)	Prec@1 66.406 (62.003)	Prec@5 91.406 (85.938)
Epoch: [37][20/97], lr: 0.01000	Loss 1.4813 (1.6204)	Prec@1 64.062 (62.202)	Prec@5 83.594 (85.751)
Epoch: [37][30/97], lr: 0.01000	Loss 1.5106 (1.6103)	Prec@1 60.156 (62.147)	Prec@5 84.375 (85.333)
Epoch: [37][40/97], lr: 0.01000	Loss 1.9024 (1.6163)	Prec@1 53.125 (61.547)	Prec@5 82.812 (85.366)
Epoch: [37][50/97], lr: 0.01000	Loss 1.2986 (1.6121)	Prec@1 70.312 (61.642)	Prec@5 89.062 (85.555)
Epoch: [37][60/97], lr: 0.01000	Loss 1.4334 (1.6046)	Prec@1 60.938 (61.975)	Prec@5 86.719 (85.566)
Epoch: [37][70/97], lr: 0.01000	Loss 1.6488 (1.6018)	Prec@1 61.719 (62.115)	Prec@5 83.594 (85.332)
Epoch: [37][80/97], lr: 0.01000	Loss 1.4734 (1.5955)	Prec@1 63.281 (62.114)	Prec@5 85.156 (85.561)
Epoch: [37][90/97], lr: 0.01000	Loss 1.7884 (1.5969)	Prec@1 64.062 (62.277)	Prec@5 83.594 (85.560)
Epoch [37] Training Results: Prec@1 62.204 Prec@5 85.628             Loss 1.60034
Epoch [37] Training Class Recall: [0.910,0.867,0.588,0.478,0.356,0.129,0.104,0.035,0.000,0.000]

Epoch: [38][0/97], lr: 0.01000	Loss 1.6758 (1.6758)	Prec@1 64.844 (64.844)	Prec@5 85.938 (85.938)
Epoch: [38][10/97], lr: 0.01000	Loss 1.8008 (1.5746)	Prec@1 59.375 (62.855)	Prec@5 84.375 (85.156)
Epoch: [38][20/97], lr: 0.01000	Loss 1.4027 (1.5807)	Prec@1 66.406 (63.393)	Prec@5 86.719 (85.082)
Epoch: [38][30/97], lr: 0.01000	Loss 1.4159 (1.5878)	Prec@1 60.938 (62.576)	Prec@5 88.281 (85.106)
Epoch: [38][40/97], lr: 0.01000	Loss 1.5330 (1.5974)	Prec@1 60.156 (62.748)	Prec@5 85.156 (84.947)
Epoch: [38][50/97], lr: 0.01000	Loss 1.4062 (1.5916)	Prec@1 75.000 (62.898)	Prec@5 92.188 (85.355)
Epoch: [38][60/97], lr: 0.01000	Loss 1.7134 (1.5845)	Prec@1 63.281 (63.153)	Prec@5 85.156 (85.502)
Epoch: [38][70/97], lr: 0.01000	Loss 1.5331 (1.5842)	Prec@1 63.281 (62.940)	Prec@5 85.156 (85.343)
Epoch: [38][80/97], lr: 0.01000	Loss 1.7162 (1.5958)	Prec@1 58.594 (62.432)	Prec@5 83.594 (85.301)
Epoch: [38][90/97], lr: 0.01000	Loss 1.9563 (1.5943)	Prec@1 52.344 (62.380)	Prec@5 82.031 (85.354)
Epoch [38] Training Results: Prec@1 62.470 Prec@5 85.346             Loss 1.58959
Epoch [38] Training Class Recall: [0.910,0.867,0.600,0.473,0.371,0.112,0.136,0.038,0.000,0.000]

Epoch: [39][0/97], lr: 0.01000	Loss 1.5646 (1.5646)	Prec@1 61.719 (61.719)	Prec@5 84.375 (84.375)
Epoch: [39][10/97], lr: 0.01000	Loss 1.7271 (1.5560)	Prec@1 61.719 (62.216)	Prec@5 90.625 (86.151)
Epoch: [39][20/97], lr: 0.01000	Loss 1.6882 (1.5551)	Prec@1 60.938 (63.356)	Prec@5 86.719 (86.570)
Epoch: [39][30/97], lr: 0.01000	Loss 1.7557 (1.5585)	Prec@1 62.500 (62.928)	Prec@5 85.938 (86.064)
Epoch: [39][40/97], lr: 0.01000	Loss 1.5855 (1.5540)	Prec@1 59.375 (62.767)	Prec@5 84.375 (86.052)
Epoch: [39][50/97], lr: 0.01000	Loss 1.4029 (1.5481)	Prec@1 64.844 (62.852)	Prec@5 82.812 (85.800)
Epoch: [39][60/97], lr: 0.01000	Loss 1.7099 (1.5573)	Prec@1 53.125 (62.500)	Prec@5 80.469 (85.745)
Epoch: [39][70/97], lr: 0.01000	Loss 1.4021 (1.5574)	Prec@1 70.312 (62.478)	Prec@5 84.375 (85.783)
Epoch: [39][80/97], lr: 0.01000	Loss 1.6757 (1.5638)	Prec@1 58.594 (62.346)	Prec@5 84.375 (85.716)
Epoch: [39][90/97], lr: 0.01000	Loss 1.5885 (1.5672)	Prec@1 61.719 (62.552)	Prec@5 87.500 (85.946)
Epoch [39] Training Results: Prec@1 62.397 Prec@5 85.805             Loss 1.57114
Epoch [39] Training Class Recall: [0.907,0.861,0.590,0.502,0.364,0.121,0.139,0.033,0.000,0.000]

Epoch: [40][0/97], lr: 0.01000	Loss 1.3553 (1.3553)	Prec@1 65.625 (65.625)	Prec@5 85.938 (85.938)
Epoch: [40][10/97], lr: 0.01000	Loss 1.7767 (1.6068)	Prec@1 59.375 (62.571)	Prec@5 82.031 (84.020)
Epoch: [40][20/97], lr: 0.01000	Loss 1.6185 (1.6282)	Prec@1 66.406 (62.165)	Prec@5 87.500 (84.673)
Epoch: [40][30/97], lr: 0.01000	Loss 1.6538 (1.5809)	Prec@1 60.938 (62.651)	Prec@5 87.500 (85.509)
Epoch: [40][40/97], lr: 0.01000	Loss 1.6079 (1.5664)	Prec@1 58.594 (63.167)	Prec@5 83.594 (85.899)
Epoch: [40][50/97], lr: 0.01000	Loss 1.7572 (1.5676)	Prec@1 60.938 (63.235)	Prec@5 82.031 (85.999)
Epoch: [40][60/97], lr: 0.01000	Loss 1.6052 (1.5772)	Prec@1 53.906 (63.038)	Prec@5 85.156 (85.758)
Epoch: [40][70/97], lr: 0.01000	Loss 1.7191 (1.5816)	Prec@1 60.938 (62.885)	Prec@5 86.719 (85.728)
Epoch: [40][80/97], lr: 0.01000	Loss 1.7558 (1.5830)	Prec@1 57.031 (62.876)	Prec@5 82.812 (85.745)
Epoch: [40][90/97], lr: 0.01000	Loss 1.5967 (1.5887)	Prec@1 60.156 (62.972)	Prec@5 85.938 (85.895)
Epoch [40] Training Results: Prec@1 62.873 Prec@5 85.829             Loss 1.59044
Epoch [40] Training Class Recall: [0.908,0.870,0.602,0.504,0.367,0.105,0.171,0.035,0.000,0.000]

Epoch: [41][0/97], lr: 0.01000	Loss 1.5161 (1.5161)	Prec@1 58.594 (58.594)	Prec@5 83.594 (83.594)
Epoch: [41][10/97], lr: 0.01000	Loss 1.5152 (1.5435)	Prec@1 67.188 (63.281)	Prec@5 85.156 (86.080)
Epoch: [41][20/97], lr: 0.01000	Loss 1.7048 (1.5654)	Prec@1 57.812 (63.170)	Prec@5 87.500 (86.086)
Epoch: [41][30/97], lr: 0.01000	Loss 1.5411 (1.5717)	Prec@1 67.969 (63.105)	Prec@5 87.500 (86.366)
Epoch: [41][40/97], lr: 0.01000	Loss 1.4760 (1.5657)	Prec@1 71.094 (63.777)	Prec@5 92.188 (86.128)
Epoch: [41][50/97], lr: 0.01000	Loss 1.4609 (1.5569)	Prec@1 66.406 (63.695)	Prec@5 89.844 (85.983)
Epoch: [41][60/97], lr: 0.01000	Loss 1.4742 (1.5643)	Prec@1 59.375 (63.461)	Prec@5 82.812 (85.925)
Epoch: [41][70/97], lr: 0.01000	Loss 1.7413 (1.5720)	Prec@1 59.375 (63.193)	Prec@5 85.938 (85.805)
Epoch: [41][80/97], lr: 0.01000	Loss 1.9065 (1.5762)	Prec@1 52.344 (62.847)	Prec@5 78.125 (85.677)
Epoch: [41][90/97], lr: 0.01000	Loss 1.5432 (1.5719)	Prec@1 61.719 (62.904)	Prec@5 83.594 (85.757)
Epoch [41] Training Results: Prec@1 62.768 Prec@5 85.660             Loss 1.57470
Epoch [41] Training Class Recall: [0.904,0.865,0.614,0.503,0.375,0.094,0.151,0.052,0.000,0.000]

Epoch: [42][0/97], lr: 0.01000	Loss 1.4889 (1.4889)	Prec@1 66.406 (66.406)	Prec@5 87.500 (87.500)
Epoch: [42][10/97], lr: 0.01000	Loss 1.7731 (1.5982)	Prec@1 59.375 (62.216)	Prec@5 85.938 (86.364)
Epoch: [42][20/97], lr: 0.01000	Loss 1.4868 (1.6087)	Prec@1 62.500 (62.351)	Prec@5 88.281 (86.235)
Epoch: [42][30/97], lr: 0.01000	Loss 1.4995 (1.6277)	Prec@1 62.500 (61.769)	Prec@5 82.031 (85.736)
Epoch: [42][40/97], lr: 0.01000	Loss 1.6298 (1.6348)	Prec@1 65.625 (61.833)	Prec@5 82.812 (85.480)
Epoch: [42][50/97], lr: 0.01000	Loss 1.6777 (1.6276)	Prec@1 64.844 (62.286)	Prec@5 87.500 (85.830)
Epoch: [42][60/97], lr: 0.01000	Loss 1.5565 (1.6215)	Prec@1 66.406 (62.538)	Prec@5 82.031 (85.745)
Epoch: [42][70/97], lr: 0.01000	Loss 1.6632 (1.6138)	Prec@1 66.406 (62.412)	Prec@5 87.500 (85.838)
Epoch: [42][80/97], lr: 0.01000	Loss 1.5850 (1.6044)	Prec@1 68.750 (62.683)	Prec@5 88.281 (86.044)
Epoch: [42][90/97], lr: 0.01000	Loss 1.6070 (1.6065)	Prec@1 58.594 (62.792)	Prec@5 86.719 (85.903)
Epoch [42] Training Results: Prec@1 62.728 Prec@5 86.007             Loss 1.60328
Epoch [42] Training Class Recall: [0.912,0.868,0.605,0.455,0.382,0.135,0.132,0.052,0.000,0.000]

Epoch: [43][0/97], lr: 0.01000	Loss 1.6203 (1.6203)	Prec@1 64.844 (64.844)	Prec@5 89.844 (89.844)
Epoch: [43][10/97], lr: 0.01000	Loss 1.5918 (1.5116)	Prec@1 67.188 (63.849)	Prec@5 88.281 (86.932)
Epoch: [43][20/97], lr: 0.01000	Loss 1.7615 (1.5697)	Prec@1 57.812 (63.542)	Prec@5 81.250 (86.198)
Epoch: [43][30/97], lr: 0.01000	Loss 1.6128 (1.5617)	Prec@1 67.969 (64.113)	Prec@5 85.938 (86.366)
Epoch: [43][40/97], lr: 0.01000	Loss 1.7367 (1.5558)	Prec@1 63.281 (63.720)	Prec@5 82.031 (86.223)
Epoch: [43][50/97], lr: 0.01000	Loss 1.3814 (1.5577)	Prec@1 67.188 (63.940)	Prec@5 91.406 (86.183)
Epoch: [43][60/97], lr: 0.01000	Loss 1.3837 (1.5605)	Prec@1 64.844 (63.781)	Prec@5 85.156 (85.861)
Epoch: [43][70/97], lr: 0.01000	Loss 1.4214 (1.5617)	Prec@1 59.375 (63.347)	Prec@5 86.719 (85.860)
Epoch: [43][80/97], lr: 0.01000	Loss 1.6088 (1.5630)	Prec@1 57.812 (63.484)	Prec@5 88.281 (85.880)
Epoch: [43][90/97], lr: 0.01000	Loss 1.7911 (1.5673)	Prec@1 55.469 (63.281)	Prec@5 78.125 (85.766)
Epoch [43] Training Results: Prec@1 63.268 Prec@5 85.837             Loss 1.56633
Epoch [43] Training Class Recall: [0.911,0.872,0.607,0.488,0.379,0.170,0.139,0.052,0.000,0.000]

Epoch: [44][0/97], lr: 0.01000	Loss 1.5308 (1.5308)	Prec@1 72.656 (72.656)	Prec@5 86.719 (86.719)
Epoch: [44][10/97], lr: 0.01000	Loss 1.3048 (1.6069)	Prec@1 68.750 (63.210)	Prec@5 85.156 (85.156)
Epoch: [44][20/97], lr: 0.01000	Loss 1.5551 (1.5810)	Prec@1 64.844 (63.356)	Prec@5 85.938 (85.938)
Epoch: [44][30/97], lr: 0.01000	Loss 1.5498 (1.5896)	Prec@1 59.375 (63.256)	Prec@5 85.156 (86.164)
Epoch: [44][40/97], lr: 0.01000	Loss 1.5174 (1.5999)	Prec@1 57.812 (63.357)	Prec@5 83.594 (86.033)
Epoch: [44][50/97], lr: 0.01000	Loss 1.8073 (1.6023)	Prec@1 60.938 (63.235)	Prec@5 85.938 (85.769)
Epoch: [44][60/97], lr: 0.01000	Loss 1.6854 (1.6149)	Prec@1 63.281 (62.910)	Prec@5 85.156 (85.553)
Epoch: [44][70/97], lr: 0.01000	Loss 1.6293 (1.6079)	Prec@1 67.188 (62.797)	Prec@5 89.062 (85.816)
Epoch: [44][80/97], lr: 0.01000	Loss 1.4593 (1.6089)	Prec@1 63.281 (62.703)	Prec@5 88.281 (85.909)
Epoch: [44][90/97], lr: 0.01000	Loss 1.5552 (1.6016)	Prec@1 71.875 (63.127)	Prec@5 84.375 (85.972)
Epoch [44] Training Results: Prec@1 63.115 Prec@5 85.934             Loss 1.60642
Epoch [44] Training Class Recall: [0.912,0.868,0.629,0.490,0.364,0.145,0.106,0.044,0.000,0.000]

Epoch: [45][0/97], lr: 0.01000	Loss 1.7366 (1.7366)	Prec@1 56.250 (56.250)	Prec@5 84.375 (84.375)
Epoch: [45][10/97], lr: 0.01000	Loss 1.4173 (1.6174)	Prec@1 65.625 (62.713)	Prec@5 86.719 (85.582)
Epoch: [45][20/97], lr: 0.01000	Loss 1.4967 (1.5742)	Prec@1 60.156 (63.430)	Prec@5 81.250 (85.193)
Epoch: [45][30/97], lr: 0.01000	Loss 1.6520 (1.5849)	Prec@1 68.750 (62.878)	Prec@5 85.938 (85.484)
Epoch: [45][40/97], lr: 0.01000	Loss 1.7492 (1.5880)	Prec@1 60.938 (62.824)	Prec@5 84.375 (85.499)
Epoch: [45][50/97], lr: 0.01000	Loss 1.4178 (1.5927)	Prec@1 73.438 (62.760)	Prec@5 89.844 (85.677)
Epoch: [45][60/97], lr: 0.01000	Loss 1.7291 (1.5950)	Prec@1 60.156 (62.769)	Prec@5 80.469 (86.002)
Epoch: [45][70/97], lr: 0.01000	Loss 1.4911 (1.5946)	Prec@1 63.281 (63.193)	Prec@5 88.281 (85.926)
Epoch: [45][80/97], lr: 0.01000	Loss 1.5395 (1.5945)	Prec@1 65.625 (63.281)	Prec@5 87.500 (85.745)
Epoch: [45][90/97], lr: 0.01000	Loss 1.3528 (1.5785)	Prec@1 70.312 (63.616)	Prec@5 89.844 (85.895)
Epoch [45] Training Results: Prec@1 63.622 Prec@5 85.910             Loss 1.57802
Epoch [45] Training Class Recall: [0.913,0.870,0.619,0.503,0.384,0.154,0.161,0.054,0.000,0.000]

Epoch: [46][0/97], lr: 0.01000	Loss 1.4243 (1.4243)	Prec@1 68.750 (68.750)	Prec@5 92.188 (92.188)
Epoch: [46][10/97], lr: 0.01000	Loss 1.5889 (1.5750)	Prec@1 66.406 (62.642)	Prec@5 83.594 (86.506)
Epoch: [46][20/97], lr: 0.01000	Loss 1.6573 (1.5702)	Prec@1 58.594 (64.397)	Prec@5 85.156 (86.868)
Epoch: [46][30/97], lr: 0.01000	Loss 1.4452 (1.5690)	Prec@1 73.438 (64.340)	Prec@5 88.281 (86.492)
Epoch: [46][40/97], lr: 0.01000	Loss 1.5189 (1.5621)	Prec@1 60.938 (63.929)	Prec@5 86.719 (86.509)
Epoch: [46][50/97], lr: 0.01000	Loss 1.7675 (1.5694)	Prec@1 64.062 (63.833)	Prec@5 85.156 (86.443)
Epoch: [46][60/97], lr: 0.01000	Loss 1.4692 (1.5627)	Prec@1 63.281 (64.024)	Prec@5 86.719 (86.104)
Epoch: [46][70/97], lr: 0.01000	Loss 1.5059 (1.5497)	Prec@1 62.500 (64.051)	Prec@5 83.594 (86.312)
Epoch: [46][80/97], lr: 0.01000	Loss 1.4373 (1.5527)	Prec@1 64.844 (63.783)	Prec@5 85.938 (86.150)
Epoch: [46][90/97], lr: 0.01000	Loss 1.5496 (1.5545)	Prec@1 63.281 (63.899)	Prec@5 82.812 (86.195)
Epoch [46] Training Results: Prec@1 63.727 Prec@5 86.160             Loss 1.55880
Epoch [46] Training Class Recall: [0.908,0.866,0.623,0.512,0.393,0.179,0.153,0.069,0.000,0.000]

Epoch: [47][0/97], lr: 0.01000	Loss 1.4216 (1.4216)	Prec@1 71.875 (71.875)	Prec@5 88.281 (88.281)
Epoch: [47][10/97], lr: 0.01000	Loss 1.4721 (1.5412)	Prec@1 64.062 (64.276)	Prec@5 87.500 (85.440)
Epoch: [47][20/97], lr: 0.01000	Loss 1.6350 (1.5276)	Prec@1 65.625 (64.807)	Prec@5 85.156 (86.124)
Epoch: [47][30/97], lr: 0.01000	Loss 1.7352 (1.5582)	Prec@1 58.594 (63.987)	Prec@5 77.344 (85.811)
Epoch: [47][40/97], lr: 0.01000	Loss 1.6364 (1.5681)	Prec@1 64.844 (63.929)	Prec@5 88.281 (85.804)
Epoch: [47][50/97], lr: 0.01000	Loss 1.7099 (1.5735)	Prec@1 64.844 (64.001)	Prec@5 85.156 (85.922)
Epoch: [47][60/97], lr: 0.01000	Loss 1.5955 (1.5785)	Prec@1 68.750 (64.165)	Prec@5 89.062 (85.886)
Epoch: [47][70/97], lr: 0.01000	Loss 1.7321 (1.5778)	Prec@1 60.938 (64.040)	Prec@5 82.812 (85.971)
Epoch: [47][80/97], lr: 0.01000	Loss 1.6181 (1.5691)	Prec@1 60.156 (64.236)	Prec@5 83.594 (86.121)
Epoch: [47][90/97], lr: 0.01000	Loss 1.8093 (1.5743)	Prec@1 57.031 (64.080)	Prec@5 82.812 (85.946)
Epoch [47] Training Results: Prec@1 64.050 Prec@5 85.966             Loss 1.57663
Epoch [47] Training Class Recall: [0.915,0.870,0.630,0.493,0.400,0.208,0.120,0.088,0.000,0.000]

Epoch: [48][0/97], lr: 0.01000	Loss 1.6179 (1.6179)	Prec@1 64.062 (64.062)	Prec@5 83.594 (83.594)
Epoch: [48][10/97], lr: 0.01000	Loss 1.6638 (1.5320)	Prec@1 66.406 (64.489)	Prec@5 87.500 (86.151)
Epoch: [48][20/97], lr: 0.01000	Loss 1.3672 (1.5533)	Prec@1 67.969 (64.211)	Prec@5 86.719 (86.756)
Epoch: [48][30/97], lr: 0.01000	Loss 1.4195 (1.5892)	Prec@1 66.406 (63.533)	Prec@5 85.156 (86.013)
Epoch: [48][40/97], lr: 0.01000	Loss 1.5933 (1.5893)	Prec@1 64.062 (63.643)	Prec@5 85.938 (85.976)
Epoch: [48][50/97], lr: 0.01000	Loss 1.6809 (1.5859)	Prec@1 62.500 (63.664)	Prec@5 83.594 (85.784)
Epoch: [48][60/97], lr: 0.01000	Loss 1.6270 (1.5876)	Prec@1 60.938 (63.589)	Prec@5 85.938 (85.861)
Epoch: [48][70/97], lr: 0.01000	Loss 1.6366 (1.5917)	Prec@1 61.719 (63.677)	Prec@5 84.375 (85.838)
Epoch: [48][80/97], lr: 0.01000	Loss 1.5057 (1.5794)	Prec@1 60.156 (63.879)	Prec@5 82.031 (85.938)
Epoch: [48][90/97], lr: 0.01000	Loss 1.7300 (1.5701)	Prec@1 64.844 (64.200)	Prec@5 86.719 (86.083)
Epoch [48] Training Results: Prec@1 64.001 Prec@5 86.087             Loss 1.56670
Epoch [48] Training Class Recall: [0.910,0.866,0.636,0.538,0.385,0.165,0.143,0.067,0.000,0.000]

Epoch: [49][0/97], lr: 0.01000	Loss 1.4785 (1.4785)	Prec@1 63.281 (63.281)	Prec@5 82.031 (82.031)
Epoch: [49][10/97], lr: 0.01000	Loss 1.2915 (1.4884)	Prec@1 66.406 (64.418)	Prec@5 86.719 (85.938)
Epoch: [49][20/97], lr: 0.01000	Loss 1.6300 (1.5673)	Prec@1 65.625 (63.728)	Prec@5 88.281 (86.421)
Epoch: [49][30/97], lr: 0.01000	Loss 1.7570 (1.5935)	Prec@1 63.281 (63.483)	Prec@5 83.594 (86.366)
Epoch: [49][40/97], lr: 0.01000	Loss 1.6645 (1.5818)	Prec@1 66.406 (63.872)	Prec@5 83.594 (86.433)
Epoch: [49][50/97], lr: 0.01000	Loss 1.2760 (1.5705)	Prec@1 67.188 (64.017)	Prec@5 90.625 (86.489)
Epoch: [49][60/97], lr: 0.01000	Loss 1.4418 (1.5643)	Prec@1 68.750 (64.319)	Prec@5 89.062 (86.719)
Epoch: [49][70/97], lr: 0.01000	Loss 1.4987 (1.5554)	Prec@1 57.031 (64.151)	Prec@5 82.031 (86.686)
Epoch: [49][80/97], lr: 0.01000	Loss 1.7308 (1.5572)	Prec@1 53.906 (63.937)	Prec@5 85.156 (86.699)
Epoch: [49][90/97], lr: 0.01000	Loss 1.5205 (1.5599)	Prec@1 62.500 (63.788)	Prec@5 83.594 (86.633)
Epoch [49] Training Results: Prec@1 63.776 Prec@5 86.515             Loss 1.56508
Epoch [49] Training Class Recall: [0.909,0.874,0.616,0.512,0.402,0.164,0.143,0.075,0.000,0.000]

Epoch: [50][0/97], lr: 0.01000	Loss 1.3906 (1.3906)	Prec@1 65.625 (65.625)	Prec@5 87.500 (87.500)
Epoch: [50][10/97], lr: 0.01000	Loss 1.5391 (1.5827)	Prec@1 64.062 (63.494)	Prec@5 83.594 (86.719)
Epoch: [50][20/97], lr: 0.01000	Loss 1.7063 (1.5762)	Prec@1 66.406 (64.249)	Prec@5 89.062 (86.942)
Epoch: [50][30/97], lr: 0.01000	Loss 1.3647 (1.5592)	Prec@1 71.875 (64.516)	Prec@5 89.062 (86.769)
Epoch: [50][40/97], lr: 0.01000	Loss 1.5721 (1.5607)	Prec@1 62.500 (64.177)	Prec@5 89.844 (86.795)
Epoch: [50][50/97], lr: 0.01000	Loss 1.3413 (1.5557)	Prec@1 64.844 (63.986)	Prec@5 88.281 (86.627)
Epoch: [50][60/97], lr: 0.01000	Loss 1.5857 (1.5492)	Prec@1 63.281 (64.011)	Prec@5 86.719 (86.501)
Epoch: [50][70/97], lr: 0.01000	Loss 1.6642 (1.5547)	Prec@1 61.719 (63.842)	Prec@5 85.938 (86.202)
Epoch: [50][80/97], lr: 0.01000	Loss 1.3567 (1.5662)	Prec@1 71.875 (63.715)	Prec@5 88.281 (86.121)
Epoch: [50][90/97], lr: 0.01000	Loss 1.2566 (1.5630)	Prec@1 67.969 (63.848)	Prec@5 90.625 (86.169)
Epoch [50] Training Results: Prec@1 64.009 Prec@5 86.257             Loss 1.55951
Epoch [50] Training Class Recall: [0.906,0.868,0.630,0.530,0.413,0.164,0.155,0.071,0.000,0.000]

Epoch: [51][0/97], lr: 0.01000	Loss 1.5267 (1.5267)	Prec@1 67.969 (67.969)	Prec@5 88.281 (88.281)
Epoch: [51][10/97], lr: 0.01000	Loss 1.6591 (1.5805)	Prec@1 63.281 (65.980)	Prec@5 86.719 (87.145)
Epoch: [51][20/97], lr: 0.01000	Loss 1.4565 (1.5608)	Prec@1 65.625 (65.625)	Prec@5 84.375 (86.942)
Epoch: [51][30/97], lr: 0.01000	Loss 1.5534 (1.5392)	Prec@1 71.094 (65.877)	Prec@5 91.406 (87.324)
Epoch: [51][40/97], lr: 0.01000	Loss 1.4146 (1.5456)	Prec@1 62.500 (65.454)	Prec@5 91.406 (87.024)
Epoch: [51][50/97], lr: 0.01000	Loss 1.6609 (1.5663)	Prec@1 60.938 (64.905)	Prec@5 84.375 (86.795)
Epoch: [51][60/97], lr: 0.01000	Loss 1.6334 (1.5858)	Prec@1 67.969 (64.600)	Prec@5 86.719 (86.475)
Epoch: [51][70/97], lr: 0.01000	Loss 1.6091 (1.5781)	Prec@1 69.531 (64.503)	Prec@5 89.062 (86.444)
Epoch: [51][80/97], lr: 0.01000	Loss 1.7225 (1.5835)	Prec@1 62.500 (64.535)	Prec@5 86.719 (86.458)
Epoch: [51][90/97], lr: 0.01000	Loss 1.5552 (1.5796)	Prec@1 56.250 (64.466)	Prec@5 85.938 (86.418)
Epoch [51] Training Results: Prec@1 64.509 Prec@5 86.410             Loss 1.57871
Epoch [51] Training Class Recall: [0.907,0.872,0.631,0.564,0.396,0.170,0.175,0.084,0.000,0.000]

Epoch: [52][0/97], lr: 0.01000	Loss 1.5883 (1.5883)	Prec@1 59.375 (59.375)	Prec@5 85.156 (85.156)
Epoch: [52][10/97], lr: 0.01000	Loss 1.6100 (1.5640)	Prec@1 71.094 (64.844)	Prec@5 88.281 (87.642)
Epoch: [52][20/97], lr: 0.01000	Loss 1.4720 (1.5129)	Prec@1 66.406 (65.551)	Prec@5 88.281 (87.426)
Epoch: [52][30/97], lr: 0.01000	Loss 1.6387 (1.5204)	Prec@1 62.500 (65.045)	Prec@5 86.719 (87.147)
Epoch: [52][40/97], lr: 0.01000	Loss 1.5274 (1.5279)	Prec@1 63.281 (65.130)	Prec@5 86.719 (87.081)
Epoch: [52][50/97], lr: 0.01000	Loss 1.5630 (1.5239)	Prec@1 67.188 (65.012)	Prec@5 89.062 (86.933)
Epoch: [52][60/97], lr: 0.01000	Loss 1.5677 (1.5390)	Prec@1 58.594 (64.434)	Prec@5 84.375 (86.668)
Epoch: [52][70/97], lr: 0.01000	Loss 1.5591 (1.5466)	Prec@1 67.188 (64.261)	Prec@5 91.406 (86.741)
Epoch: [52][80/97], lr: 0.01000	Loss 1.3957 (1.5525)	Prec@1 66.406 (64.198)	Prec@5 89.844 (86.699)
Epoch: [52][90/97], lr: 0.01000	Loss 1.6907 (1.5541)	Prec@1 57.812 (64.088)	Prec@5 82.812 (86.693)
Epoch [52] Training Results: Prec@1 64.050 Prec@5 86.668             Loss 1.55974
Epoch [52] Training Class Recall: [0.904,0.871,0.634,0.510,0.412,0.165,0.169,0.094,0.000,0.000]

Epoch: [53][0/97], lr: 0.01000	Loss 1.6418 (1.6418)	Prec@1 68.750 (68.750)	Prec@5 87.500 (87.500)
Epoch: [53][10/97], lr: 0.01000	Loss 1.6420 (1.5793)	Prec@1 65.625 (66.335)	Prec@5 89.062 (88.139)
Epoch: [53][20/97], lr: 0.01000	Loss 1.6667 (1.5821)	Prec@1 60.938 (65.290)	Prec@5 84.375 (86.830)
Epoch: [53][30/97], lr: 0.01000	Loss 1.8135 (1.6027)	Prec@1 58.594 (64.844)	Prec@5 83.594 (86.694)
Epoch: [53][40/97], lr: 0.01000	Loss 1.6174 (1.5980)	Prec@1 69.531 (64.482)	Prec@5 89.844 (86.909)
Epoch: [53][50/97], lr: 0.01000	Loss 1.4937 (1.5841)	Prec@1 71.875 (64.430)	Prec@5 89.844 (87.040)
Epoch: [53][60/97], lr: 0.01000	Loss 1.7490 (1.5852)	Prec@1 67.969 (64.383)	Prec@5 82.812 (87.077)
Epoch: [53][70/97], lr: 0.01000	Loss 1.5444 (1.5865)	Prec@1 59.375 (64.195)	Prec@5 86.719 (86.895)
Epoch: [53][80/97], lr: 0.01000	Loss 1.5992 (1.5853)	Prec@1 64.062 (64.294)	Prec@5 89.844 (86.931)
Epoch: [53][90/97], lr: 0.01000	Loss 1.3232 (1.5812)	Prec@1 68.750 (64.363)	Prec@5 82.031 (86.770)
Epoch [53] Training Results: Prec@1 64.437 Prec@5 86.652             Loss 1.58600
Epoch [53] Training Class Recall: [0.915,0.869,0.631,0.518,0.400,0.182,0.171,0.102,0.000,0.000]

Epoch: [54][0/97], lr: 0.01000	Loss 1.6420 (1.6420)	Prec@1 66.406 (66.406)	Prec@5 88.281 (88.281)
Epoch: [54][10/97], lr: 0.01000	Loss 1.5527 (1.5133)	Prec@1 69.531 (65.767)	Prec@5 86.719 (85.653)
Epoch: [54][20/97], lr: 0.01000	Loss 1.4187 (1.5055)	Prec@1 70.312 (65.365)	Prec@5 87.500 (86.756)
Epoch: [54][30/97], lr: 0.01000	Loss 1.5139 (1.5273)	Prec@1 59.375 (64.995)	Prec@5 84.375 (86.820)
Epoch: [54][40/97], lr: 0.01000	Loss 1.5906 (1.5321)	Prec@1 64.062 (64.844)	Prec@5 88.281 (86.547)
Epoch: [54][50/97], lr: 0.01000	Loss 1.2752 (1.5358)	Prec@1 69.531 (64.767)	Prec@5 89.062 (86.811)
Epoch: [54][60/97], lr: 0.01000	Loss 1.4392 (1.5426)	Prec@1 67.188 (64.447)	Prec@5 79.688 (86.616)
Epoch: [54][70/97], lr: 0.01000	Loss 1.5843 (1.5457)	Prec@1 66.406 (64.635)	Prec@5 85.938 (86.631)
Epoch: [54][80/97], lr: 0.01000	Loss 1.6909 (1.5569)	Prec@1 64.844 (64.564)	Prec@5 82.031 (86.429)
Epoch: [54][90/97], lr: 0.01000	Loss 1.7996 (1.5576)	Prec@1 61.719 (64.689)	Prec@5 82.812 (86.538)
Epoch [54] Training Results: Prec@1 64.767 Prec@5 86.579             Loss 1.55463
Epoch [54] Training Class Recall: [0.918,0.873,0.623,0.518,0.428,0.184,0.187,0.100,0.000,0.000]

Epoch: [55][0/97], lr: 0.01000	Loss 1.7563 (1.7563)	Prec@1 56.250 (56.250)	Prec@5 85.938 (85.938)
Epoch: [55][10/97], lr: 0.01000	Loss 1.3526 (1.5142)	Prec@1 65.625 (64.915)	Prec@5 87.500 (87.358)
Epoch: [55][20/97], lr: 0.01000	Loss 1.7023 (1.5343)	Prec@1 64.844 (65.365)	Prec@5 79.688 (86.868)
Epoch: [55][30/97], lr: 0.01000	Loss 1.5422 (1.5380)	Prec@1 65.625 (64.970)	Prec@5 86.719 (86.870)
Epoch: [55][40/97], lr: 0.01000	Loss 1.6435 (1.5575)	Prec@1 61.719 (64.958)	Prec@5 89.062 (86.700)
Epoch: [55][50/97], lr: 0.01000	Loss 1.4054 (1.5492)	Prec@1 64.062 (65.273)	Prec@5 86.719 (86.841)
Epoch: [55][60/97], lr: 0.01000	Loss 1.7978 (1.5429)	Prec@1 58.594 (65.254)	Prec@5 78.125 (86.924)
Epoch: [55][70/97], lr: 0.01000	Loss 1.6503 (1.5480)	Prec@1 57.812 (65.119)	Prec@5 84.375 (86.752)
Epoch: [55][80/97], lr: 0.01000	Loss 1.6489 (1.5521)	Prec@1 62.500 (65.210)	Prec@5 85.156 (86.757)
Epoch: [55][90/97], lr: 0.01000	Loss 1.6335 (1.5542)	Prec@1 63.281 (65.170)	Prec@5 86.719 (86.787)
Epoch [55] Training Results: Prec@1 64.920 Prec@5 86.603             Loss 1.55780
Epoch [55] Training Class Recall: [0.911,0.874,0.635,0.548,0.423,0.165,0.198,0.098,0.003,0.000]

Epoch: [56][0/97], lr: 0.01000	Loss 1.3290 (1.3290)	Prec@1 67.188 (67.188)	Prec@5 89.062 (89.062)
Epoch: [56][10/97], lr: 0.01000	Loss 1.7315 (1.5189)	Prec@1 62.500 (65.128)	Prec@5 89.844 (88.849)
Epoch: [56][20/97], lr: 0.01000	Loss 1.6378 (1.5329)	Prec@1 67.969 (65.179)	Prec@5 87.500 (87.612)
Epoch: [56][30/97], lr: 0.01000	Loss 1.7414 (1.5236)	Prec@1 69.531 (65.927)	Prec@5 85.156 (87.601)
Epoch: [56][40/97], lr: 0.01000	Loss 1.6712 (1.5278)	Prec@1 60.938 (65.454)	Prec@5 85.938 (87.119)
Epoch: [56][50/97], lr: 0.01000	Loss 1.6812 (1.5319)	Prec@1 60.156 (65.104)	Prec@5 87.500 (87.209)
Epoch: [56][60/97], lr: 0.01000	Loss 1.6904 (1.5411)	Prec@1 60.938 (64.600)	Prec@5 83.594 (86.898)
Epoch: [56][70/97], lr: 0.01000	Loss 1.3602 (1.5391)	Prec@1 75.781 (64.833)	Prec@5 92.969 (86.862)
Epoch: [56][80/97], lr: 0.01000	Loss 1.5448 (1.5400)	Prec@1 65.625 (64.959)	Prec@5 93.750 (87.076)
Epoch: [56][90/97], lr: 0.01000	Loss 1.4931 (1.5422)	Prec@1 70.312 (64.973)	Prec@5 85.156 (87.054)
Epoch [56] Training Results: Prec@1 64.936 Prec@5 86.869             Loss 1.53513
Epoch [56] Training Class Recall: [0.917,0.870,0.639,0.531,0.418,0.211,0.185,0.075,0.000,0.000]

Epoch: [57][0/97], lr: 0.01000	Loss 1.6325 (1.6325)	Prec@1 62.500 (62.500)	Prec@5 90.625 (90.625)
Epoch: [57][10/97], lr: 0.01000	Loss 1.4669 (1.5831)	Prec@1 63.281 (63.707)	Prec@5 88.281 (86.435)
Epoch: [57][20/97], lr: 0.01000	Loss 1.4498 (1.5397)	Prec@1 66.406 (65.104)	Prec@5 91.406 (87.277)
Epoch: [57][30/97], lr: 0.01000	Loss 1.5385 (1.5399)	Prec@1 65.625 (65.625)	Prec@5 89.062 (87.298)
Epoch: [57][40/97], lr: 0.01000	Loss 1.5493 (1.5533)	Prec@1 61.719 (64.520)	Prec@5 82.031 (86.700)
Epoch: [57][50/97], lr: 0.01000	Loss 1.3366 (1.5560)	Prec@1 67.188 (64.691)	Prec@5 87.500 (87.040)
Epoch: [57][60/97], lr: 0.01000	Loss 1.5326 (1.5585)	Prec@1 67.969 (64.536)	Prec@5 88.281 (87.039)
Epoch: [57][70/97], lr: 0.01000	Loss 1.6007 (1.5510)	Prec@1 59.375 (64.778)	Prec@5 76.562 (86.895)
Epoch: [57][80/97], lr: 0.01000	Loss 1.5345 (1.5474)	Prec@1 67.969 (65.191)	Prec@5 91.406 (87.105)
Epoch: [57][90/97], lr: 0.01000	Loss 1.6817 (1.5562)	Prec@1 64.062 (64.912)	Prec@5 86.719 (86.890)
Epoch [57] Training Results: Prec@1 64.751 Prec@5 86.861             Loss 1.55986
Epoch [57] Training Class Recall: [0.911,0.874,0.654,0.523,0.400,0.189,0.187,0.075,0.000,0.003]

Epoch: [58][0/97], lr: 0.01000	Loss 1.6658 (1.6658)	Prec@1 57.812 (57.812)	Prec@5 81.250 (81.250)
Epoch: [58][10/97], lr: 0.01000	Loss 1.5846 (1.5903)	Prec@1 71.875 (64.560)	Prec@5 89.844 (87.074)
Epoch: [58][20/97], lr: 0.01000	Loss 1.9841 (1.5943)	Prec@1 48.438 (64.955)	Prec@5 79.688 (86.049)
Epoch: [58][30/97], lr: 0.01000	Loss 1.2767 (1.5888)	Prec@1 65.625 (64.718)	Prec@5 88.281 (86.190)
Epoch: [58][40/97], lr: 0.01000	Loss 1.5448 (1.5700)	Prec@1 67.969 (64.920)	Prec@5 85.938 (86.204)
Epoch: [58][50/97], lr: 0.01000	Loss 1.4842 (1.5713)	Prec@1 66.406 (64.798)	Prec@5 88.281 (86.504)
Epoch: [58][60/97], lr: 0.01000	Loss 1.5110 (1.5592)	Prec@1 68.750 (64.946)	Prec@5 84.375 (86.360)
Epoch: [58][70/97], lr: 0.01000	Loss 1.6966 (1.5561)	Prec@1 63.281 (65.350)	Prec@5 87.500 (86.686)
Epoch: [58][80/97], lr: 0.01000	Loss 1.7401 (1.5641)	Prec@1 59.375 (65.114)	Prec@5 84.375 (86.728)
Epoch: [58][90/97], lr: 0.01000	Loss 1.6177 (1.5673)	Prec@1 67.188 (65.170)	Prec@5 87.500 (86.641)
Epoch [58] Training Results: Prec@1 65.001 Prec@5 86.515             Loss 1.56884
Epoch [58] Training Class Recall: [0.920,0.868,0.639,0.542,0.392,0.223,0.149,0.113,0.005,0.000]

Epoch: [59][0/97], lr: 0.01000	Loss 1.6921 (1.6921)	Prec@1 60.938 (60.938)	Prec@5 83.594 (83.594)
Epoch: [59][10/97], lr: 0.01000	Loss 1.2855 (1.5754)	Prec@1 67.969 (64.276)	Prec@5 92.188 (87.784)
Epoch: [59][20/97], lr: 0.01000	Loss 1.6176 (1.5601)	Prec@1 63.281 (65.439)	Prec@5 82.812 (86.830)
Epoch: [59][30/97], lr: 0.01000	Loss 1.4606 (1.5567)	Prec@1 69.531 (65.600)	Prec@5 90.625 (86.820)
Epoch: [59][40/97], lr: 0.01000	Loss 1.3616 (1.5646)	Prec@1 73.438 (65.549)	Prec@5 87.500 (86.833)
Epoch: [59][50/97], lr: 0.01000	Loss 1.7035 (1.5518)	Prec@1 59.375 (65.610)	Prec@5 80.469 (86.949)
Epoch: [59][60/97], lr: 0.01000	Loss 1.5156 (1.5514)	Prec@1 71.094 (65.856)	Prec@5 87.500 (87.077)
Epoch: [59][70/97], lr: 0.01000	Loss 1.3181 (1.5582)	Prec@1 67.969 (65.746)	Prec@5 89.062 (86.983)
Epoch: [59][80/97], lr: 0.01000	Loss 1.5575 (1.5540)	Prec@1 67.969 (65.693)	Prec@5 87.500 (86.757)
Epoch: [59][90/97], lr: 0.01000	Loss 1.6929 (1.5516)	Prec@1 60.156 (65.616)	Prec@5 80.469 (86.770)
Epoch [59] Training Results: Prec@1 65.565 Prec@5 86.813             Loss 1.54660
Epoch [59] Training Class Recall: [0.916,0.871,0.663,0.507,0.450,0.244,0.183,0.104,0.010,0.000]

Epoch: [60][0/97], lr: 0.01000	Loss 1.5011 (1.5011)	Prec@1 67.188 (67.188)	Prec@5 85.156 (85.156)
Epoch: [60][10/97], lr: 0.01000	Loss 1.4353 (1.5260)	Prec@1 65.625 (66.264)	Prec@5 91.406 (87.216)
Epoch: [60][20/97], lr: 0.01000	Loss 1.6934 (1.5628)	Prec@1 67.188 (65.625)	Prec@5 92.188 (87.054)
Epoch: [60][30/97], lr: 0.01000	Loss 1.7940 (1.5811)	Prec@1 59.375 (65.323)	Prec@5 82.031 (86.820)
Epoch: [60][40/97], lr: 0.01000	Loss 1.4389 (1.5644)	Prec@1 66.406 (66.101)	Prec@5 86.719 (86.890)
Epoch: [60][50/97], lr: 0.01000	Loss 1.4191 (1.5652)	Prec@1 70.312 (65.809)	Prec@5 85.156 (86.826)
Epoch: [60][60/97], lr: 0.01000	Loss 1.3941 (1.5572)	Prec@1 66.406 (65.779)	Prec@5 85.938 (86.872)
Epoch: [60][70/97], lr: 0.01000	Loss 1.5977 (1.5485)	Prec@1 69.531 (65.724)	Prec@5 90.625 (87.005)
Epoch: [60][80/97], lr: 0.01000	Loss 1.6105 (1.5509)	Prec@1 65.625 (65.673)	Prec@5 85.156 (87.027)
Epoch: [60][90/97], lr: 0.01000	Loss 1.4134 (1.5536)	Prec@1 71.875 (65.393)	Prec@5 90.625 (87.036)
Epoch [60] Training Results: Prec@1 65.162 Prec@5 87.022             Loss 1.56082
Epoch [60] Training Class Recall: [0.920,0.868,0.651,0.511,0.436,0.219,0.175,0.090,0.003,0.000]

Epoch: [61][0/97], lr: 0.01000	Loss 1.6262 (1.6262)	Prec@1 61.719 (61.719)	Prec@5 79.688 (79.688)
Epoch: [61][10/97], lr: 0.01000	Loss 1.6602 (1.5080)	Prec@1 60.156 (64.631)	Prec@5 82.031 (86.222)
Epoch: [61][20/97], lr: 0.01000	Loss 1.6924 (1.5434)	Prec@1 60.938 (64.546)	Prec@5 85.938 (86.868)
Epoch: [61][30/97], lr: 0.01000	Loss 1.6207 (1.5237)	Prec@1 67.188 (65.524)	Prec@5 89.844 (87.198)
Epoch: [61][40/97], lr: 0.01000	Loss 1.4948 (1.5388)	Prec@1 70.312 (65.111)	Prec@5 91.406 (87.100)
Epoch: [61][50/97], lr: 0.01000	Loss 1.6824 (1.5568)	Prec@1 65.625 (64.951)	Prec@5 82.812 (86.872)
Epoch: [61][60/97], lr: 0.01000	Loss 1.7501 (1.5536)	Prec@1 65.625 (64.882)	Prec@5 90.625 (86.924)
Epoch: [61][70/97], lr: 0.01000	Loss 1.7337 (1.5522)	Prec@1 60.156 (64.899)	Prec@5 85.938 (87.060)
Epoch: [61][80/97], lr: 0.01000	Loss 1.5049 (1.5425)	Prec@1 61.719 (65.123)	Prec@5 85.938 (87.105)
Epoch: [61][90/97], lr: 0.01000	Loss 1.5097 (1.5453)	Prec@1 67.188 (64.998)	Prec@5 89.062 (87.191)
Epoch [61] Training Results: Prec@1 64.928 Prec@5 87.151             Loss 1.54656
Epoch [61] Training Class Recall: [0.911,0.873,0.635,0.540,0.398,0.212,0.181,0.115,0.023,0.000]

Epoch: [62][0/97], lr: 0.01000	Loss 1.7094 (1.7094)	Prec@1 62.500 (62.500)	Prec@5 85.938 (85.938)
Epoch: [62][10/97], lr: 0.01000	Loss 1.6523 (1.5974)	Prec@1 60.156 (65.554)	Prec@5 85.156 (85.795)
Epoch: [62][20/97], lr: 0.01000	Loss 1.5881 (1.5175)	Prec@1 67.188 (66.667)	Prec@5 86.719 (87.351)
Epoch: [62][30/97], lr: 0.01000	Loss 1.6886 (1.5136)	Prec@1 64.062 (66.608)	Prec@5 85.938 (87.550)
Epoch: [62][40/97], lr: 0.01000	Loss 1.6445 (1.5203)	Prec@1 65.625 (66.749)	Prec@5 84.375 (87.729)
Epoch: [62][50/97], lr: 0.01000	Loss 1.7147 (1.5447)	Prec@1 64.062 (66.100)	Prec@5 85.938 (87.393)
Epoch: [62][60/97], lr: 0.01000	Loss 1.4685 (1.5335)	Prec@1 64.844 (65.894)	Prec@5 88.281 (87.257)
Epoch: [62][70/97], lr: 0.01000	Loss 1.6215 (1.5432)	Prec@1 64.062 (65.757)	Prec@5 82.031 (87.071)
Epoch: [62][80/97], lr: 0.01000	Loss 1.6242 (1.5518)	Prec@1 67.188 (65.596)	Prec@5 89.062 (87.056)
Epoch: [62][90/97], lr: 0.01000	Loss 1.5957 (1.5566)	Prec@1 65.625 (65.204)	Prec@5 83.594 (87.028)
Epoch [62] Training Results: Prec@1 65.049 Prec@5 87.055             Loss 1.55921
Epoch [62] Training Class Recall: [0.912,0.872,0.655,0.527,0.390,0.236,0.171,0.109,0.003,0.000]

Epoch: [63][0/97], lr: 0.01000	Loss 1.6974 (1.6974)	Prec@1 62.500 (62.500)	Prec@5 87.500 (87.500)
Epoch: [63][10/97], lr: 0.01000	Loss 1.6854 (1.5267)	Prec@1 64.844 (67.827)	Prec@5 85.938 (88.849)
Epoch: [63][20/97], lr: 0.01000	Loss 1.7008 (1.5548)	Prec@1 58.594 (65.923)	Prec@5 82.031 (87.537)
Epoch: [63][30/97], lr: 0.01000	Loss 1.3115 (1.5286)	Prec@1 74.219 (66.381)	Prec@5 86.719 (87.676)
Epoch: [63][40/97], lr: 0.01000	Loss 1.5636 (1.5430)	Prec@1 67.188 (65.968)	Prec@5 89.062 (87.443)
Epoch: [63][50/97], lr: 0.01000	Loss 1.4603 (1.5348)	Prec@1 67.969 (66.406)	Prec@5 88.281 (87.561)
Epoch: [63][60/97], lr: 0.01000	Loss 1.5693 (1.5396)	Prec@1 63.281 (65.984)	Prec@5 90.625 (87.462)
Epoch: [63][70/97], lr: 0.01000	Loss 1.4111 (1.5477)	Prec@1 67.969 (65.900)	Prec@5 89.062 (87.467)
Epoch: [63][80/97], lr: 0.01000	Loss 1.7731 (1.5527)	Prec@1 58.594 (65.731)	Prec@5 91.406 (87.432)
Epoch: [63][90/97], lr: 0.01000	Loss 1.5636 (1.5590)	Prec@1 69.531 (65.642)	Prec@5 89.062 (87.328)
Epoch [63] Training Results: Prec@1 65.557 Prec@5 87.337             Loss 1.55708
Epoch [63] Training Class Recall: [0.924,0.875,0.648,0.532,0.418,0.250,0.163,0.075,0.013,0.000]

Epoch: [64][0/97], lr: 0.01000	Loss 1.7250 (1.7250)	Prec@1 60.938 (60.938)	Prec@5 85.156 (85.156)
Epoch: [64][10/97], lr: 0.01000	Loss 1.6767 (1.5550)	Prec@1 60.156 (65.980)	Prec@5 87.500 (87.642)
Epoch: [64][20/97], lr: 0.01000	Loss 1.6129 (1.5852)	Prec@1 64.062 (65.067)	Prec@5 88.281 (86.793)
Epoch: [64][30/97], lr: 0.01000	Loss 1.4776 (1.5690)	Prec@1 65.625 (65.096)	Prec@5 89.062 (86.920)
Epoch: [64][40/97], lr: 0.01000	Loss 1.4086 (1.5558)	Prec@1 64.062 (65.168)	Prec@5 90.625 (87.062)
Epoch: [64][50/97], lr: 0.01000	Loss 1.3063 (1.5456)	Prec@1 66.406 (65.365)	Prec@5 85.156 (87.010)
Epoch: [64][60/97], lr: 0.01000	Loss 1.2949 (1.5348)	Prec@1 68.750 (65.484)	Prec@5 86.719 (87.026)
Epoch: [64][70/97], lr: 0.01000	Loss 1.6215 (1.5344)	Prec@1 59.375 (65.526)	Prec@5 87.500 (87.093)
Epoch: [64][80/97], lr: 0.01000	Loss 1.6136 (1.5362)	Prec@1 67.188 (65.509)	Prec@5 89.844 (87.018)
Epoch: [64][90/97], lr: 0.01000	Loss 1.5979 (1.5476)	Prec@1 73.438 (65.325)	Prec@5 90.625 (87.002)
Epoch [64] Training Results: Prec@1 65.388 Prec@5 86.934             Loss 1.54469
Epoch [64] Training Class Recall: [0.916,0.870,0.642,0.555,0.423,0.225,0.165,0.119,0.005,0.000]

Epoch: [65][0/97], lr: 0.01000	Loss 1.6426 (1.6426)	Prec@1 60.156 (60.156)	Prec@5 80.469 (80.469)
Epoch: [65][10/97], lr: 0.01000	Loss 1.4885 (1.5533)	Prec@1 71.094 (64.844)	Prec@5 88.281 (85.866)
Epoch: [65][20/97], lr: 0.01000	Loss 1.6283 (1.5592)	Prec@1 64.062 (64.100)	Prec@5 84.375 (85.938)
Epoch: [65][30/97], lr: 0.01000	Loss 1.3847 (1.5666)	Prec@1 62.500 (64.894)	Prec@5 87.500 (86.542)
Epoch: [65][40/97], lr: 0.01000	Loss 1.6293 (1.5634)	Prec@1 66.406 (64.729)	Prec@5 89.844 (86.890)
Epoch: [65][50/97], lr: 0.01000	Loss 1.4580 (1.5642)	Prec@1 65.625 (64.629)	Prec@5 89.062 (86.749)
Epoch: [65][60/97], lr: 0.01000	Loss 1.2506 (1.5492)	Prec@1 71.094 (64.831)	Prec@5 87.500 (87.039)
Epoch: [65][70/97], lr: 0.01000	Loss 1.7113 (1.5557)	Prec@1 64.062 (64.998)	Prec@5 85.938 (87.071)
Epoch: [65][80/97], lr: 0.01000	Loss 1.7305 (1.5563)	Prec@1 58.594 (65.287)	Prec@5 81.250 (87.162)
